,code,name,eps,eps_yoy,bvps,roe,epcf,net_profits,profits_yoy,distrib,report_date
0,002168,深圳惠程,,,,,,2117.17,768.49,,08-30
1,601857,中国石油,,,,,,3966073.0,-15.57,,03-29
2,601288,农业银行,,,,,,115200.0,,,07-06
3,600970,中材国际,,,,25.35,,3430.19,,,03-11
4,601939,建设银行,,,,,,516700.0,-31.47,,02-16
5,002039,黔源电力,,,1.84,28.14,,3807.53,,,01-25
6,600027,华电国际,,,1.55,17.8,0.44,138881.3,,,01-17
7,000055,方大集团,,,2.52,-14.24,0.48,-11454.36,-265.29,10派1,10-23
8,601601,中国太保,,,,,,-1148.08,-104.23,,09-29
9,000877,天山股份,,,3.96,8.7,1.02,6024.95,-11.17,,09-21
10,002038,双鹭药业,,,1.66,30.93,,1890.44,,,08-20
11,002037,久联发展,,,,,,1135.62,,,08-19
12,600979,广安爱众,,,1.41,7.6,,663.81,,,08-17
13,002036,联创电子,,,1.25,30.03,,1609.3,,,08-14
14,002035,华帝股份,,,1.05,25.86,,1262.25,,,08-12
15,600961,株冶集团,,,1.09,8.85,,2849.45,,,08-10
16,002034,美欣达,,,1.54,25.08,,1625.88,,,08-06
17,002033,丽江旅游,,,1.16,32.02,,2049.33,,,08-05
18,600978,宜华生活,,,1.08,14.02,,2726.0,,,08-04
19,002032,苏泊尔,,,1.6,29.07,,2437.4,,,07-29
20,002031,巨轮智能,,,1.02,33.11,0.38,3007.96,,,07-28
21,600971,恒源煤电,,,1.95,30.96,,4270.53,,,07-28
22,600987,航民股份,,,1.35,23.5,,5702.31,,,07-20
23,002030,达安基因,,,1.43,,,1408.84,,,07-20
24,002029,七匹狼,,,1.17,24.51,,1537.29,,,07-19
25,002028,思源电气,,,1.81,40.09,0.74,2174.47,,,07-16
26,002027,分众传媒,,,1.24,21.5,,1998.71,,,07-15
27,600973,宝胜股份,,,2.0,24.42,,3264.88,,,07-13
28,600983,惠而浦,,,1.16,11.56,,3329.22,,,07-07
29,002026,山东威达,,,1.83,24.94,,1621.61,,,07-07
30,002025,航天电器,,,1.2,,,708.12,,,07-06
31,002024,苏宁云商,,,1.43,32.83,,2525.29,,,07-02
32,002023,海特高新,,,1.54,33.75,,2423.08,,,07-01
33,002022,科华生物,,,2.73,37.69,,2618.0,,10派3.7送0.716666转0.95,06-30
34,002021,中捷资源,,,1.09,44.48,,2351.56,,,06-25
35,600482,中国动力,,,,14.43,,3473.01,,,06-24
36,002020,京新药业,,,1.36,43.61,,997.25,,,06-24
37,002019,亿帆医药,,,2.39,61.98,,2472.14,,10转1,06-23
38,600965,福成股份,,,1.2,18.26,,3492.91,,,06-23
39,002018,华信国际,,,1.17,34.19,,1163.07,,10派0.113219送23.73,06-22
40,002017,东信和平,,,1.66,119.87,,6959.58,,10派1送4,06-21
41,002016,世荣兆业,,,1.24,38.54,,1202.44,,10送3.4,06-18
42,002015,霞客环保,,,1.68,22.91,,948.45,,,06-17
43,600984,建设机械,,,1.51,,,2461.5,,,06-17
44,600982,宁波热电,,,1.0,16.3,,2178.69,36.22,,06-16
45,002014,永新股份,,,1.07,25.9,,2127.03,,10派2.5,06-16
46,002013,中航机电,,,1.86,19.78,,1005.02,,10派2,06-15
47,002012,凯恩股份,,,1.85,37.0,,2476.22,,,06-14
48,002011,盾安环境,,,1.01,33.78,,1255.87,,,06-11
49,002010,传化智联,,,1.19,35.13,,2134.01,,10派0.5,06-10
50,600981,汇鸿集团,,,1.82,10.88,,3804.02,,,06-10
51,002009,天奇股份,,,1.44,28.65,,1149.22,,,06-09
52,600022,山东钢铁,,,1.57,,,24753.49,,,06-09
53,002008,大族激光,,,1.25,51.42,,2555.65,,,06-08
54,002007,华兰生物,,,1.44,28.12,,1544.96,,,06-07
55,002006,精功科技,,,1.19,21.88,,1219.62,,,06-04
56,002005,德豪润达,,,1.32,59.76,,4618.34,,,06-03
57,600143,金发科技,,,1.16,21.2,,2889.38,,,06-03
58,600962,国投中鲁,,,1.15,23.04,,2444.44,,,06-02
59,002004,华邦健康,,,1.33,45.86,,3110.84,,10派1.2,06-02
60,002003,伟星股份,,,1.39,,,1398.66,,,06-01
61,002002,鸿达兴业,,,1.37,31.4,,2297.97,,,05-31
62,002001,新和成,,,2.64,19.91,,4227.61,,,05-28
63,600420,现代制药,,,1.36,23.67,,1457.51,,,05-27
64,600995,文山电力,,,2.45,17.76,,2055.3,,,05-26
65,600975,新五丰,,,1.61,,,2648.6,,,05-20
66,600966,博汇纸业,,,1.95,27.61,,5208.4,,,05-19
67,600421,仰帆控股,,,1.42,21.56,,2513.43,,,05-18
68,600997,开滦股份,,,1.6,,,9314.06,,,05-13
69,600461,洪城水业,,,0.25,,0.72,2453.9,,,05-12
70,600483,福能股份,,,2.49,8.87,,2478.46,,,05-11
71,600495,晋西车轴,,,,14.42,,1504.56,,,04-29
72,600963,岳阳林纸,,,2.18,29.78,,5777.04,,,04-28
73,600491,龙元建设,,,3.43,,,4858.32,,,04-27
74,600967,内蒙一机,,,1.45,17.02,,2064.58,,,04-21
75,600993,马应龙,,,4.38,20.61,,2754.32,,,04-20
76,600992,贵绳股份,,,1.58,23.69,,4004.87,,,04-19
77,600980,北矿科技,,,1.5,26.23,,2192.33,,,04-15
78,600551,时代出版,,,1.55,12.91,-0.2,173.42,-79.01,,04-15
79,600114,东睦股份,,,1.13,28.75,,2186.27,,,04-14
80,600990,四创电子,,,1.8,,,1219.03,,,04-13
81,600985,雷鸣科化,,,1.77,16.1,,1350.03,,,04-08
82,600410,华胜天成,,,1.56,58.69,,5006.45,,,04-07
83,600986,科达股份,,,2.74,,,4920.06,54.51,,04-06
84,600497,驰宏锌锗,,,1.82,14.97,,2275.33,,,03-31
85,000837,秦川机床,,,1.89,7.77,,3043.01,-23.41,10派0.25,03-30
86,600976,健民集团,,,5.3,10.28,,2167.25,,,03-30
87,600123,兰花科创,,,2.2,4.83,0.79,3960.58,379.05,10派0.6,03-26
88,600562,国睿科技,,,1.58,21.08,0.33,1955.6,2.7,,03-26
89,600250,南纺股份,,,4.79,,-2.46,4137.25,8.24,10派1.5,03-25
90,000900,现代投资,,,6.18,7.18,0.79,17514.55,17.49,10派1.6,03-25
91,600988,赤峰黄金,,,1.7,44.18,,3106.03,,,03-25
92,600572,康恩贝,,,1.83,26.71,,4232.89,17.8,,03-24
93,600785,新华百货,,,4.42,11.75,0.56,3571.49,2.67,10派1,03-24
94,600969,郴电国际,,,1.64,12.22,,2613.8,,,03-23
95,600622,嘉宝集团,,,1.33,-25.79,0.04,-14963.79,68.03,,03-20
96,000889,茂业通信,,,2.42,9.42,-0.72,6490.77,13.71,10派0.3,03-19
97,600301,ST南化,,,2.83,4.33,0.26,2293.6,-42.97,10派1,03-18
98,600960,渤海活塞,,,2.3,,,2303.17,,,03-18
99,600467,好当家,,,1.63,21.24,,3892.97,,,03-16
100,600405,动力源,,,1.46,31.85,,2272.5,,,03-12
101,600455,博通股份,,,1.3,22.06,0.05,1047.01,,,03-09
102,600543,莫高股份,,,1.69,18.35,,2337.0,,,03-04
103,600594,益佰制药,,,1.76,52.62,,3405.46,,,03-03
104,600463,空港股份,,,1.33,24.1,,2864.28,,,02-27
105,600284,浦东建设,,,1.42,19.01,,3692.14,,,02-25
106,600479,千金药业,,,3.56,27.1,,3448.84,,,02-21
107,600035,楚天高速,,,1.63,7.94,,8334.97,,,02-19
108,600470,六国化工,,,1.98,12.9,,2281.71,,,02-14
109,600452,涪陵电力,,,1.61,13.05,,2295.93,,,02-12
110,600438,通威股份,,,1.54,35.01,,5133.08,102.7,,02-11
111,600493,凤竹纺织,,,1.16,18.72,,2286.43,52.81,,02-06
112,600325,华发股份,,,2.38,14.64,,4960.51,,,02-05
113,600444,国机通用,,,1.27,22.0,,1006.82,,,01-30
114,600387,海越股份,,,1.63,12.88,,2719.01,,,01-16
115,000100,TCL集团,,,3.07,,,29197.0,22.61,,01-05
116,600249,两面针,,,3.8,20.52,,6406.73,71.72,,12-29
117,600354,敦煌种业,,,1.83,11.95,,2332.01,0.82,,12-24
118,600540,*ST新赛,,,1.67,24.17,,4394.57,-11.87,,12-16
119,600340,华夏幸福,,,1.36,30.48,0.14,2157.6,49.64,,12-10
120,600446,金证股份,,,1.11,44.88,,3001.66,16.46,,12-04
121,600570,恒生电子,,,1.72,,,2791.2,22.76,,11-26
122,600476,湘邮科技,,,1.59,12.44,,1377.27,65.48,,11-20
123,600545,新疆城建,,,1.73,20.54,,3577.31,53.95,,11-13
124,600527,江南高纤,,,1.27,26.76,,1544.73,29.71,,11-07
125,600900,长江电力,,,,,,49359.14,-2.27,,10-28
126,600477,杭萧钢构,,,1.23,29.05,,1670.51,46.21,,10-21
127,600184,光电股份,,,1.91,20.82,,1442.53,41.05,,10-17
128,600021,上海电力,,,1.65,9.8,,44116.61,6.69,,10-09
129,600999,招商证券,,,,,,24220.74,,,09-30
130,601211,国泰君安,,,,,,35547.73,,,09-30
131,601688,华泰证券,,,,,,6618.15,,,09-25
132,002736,国信证券,,,,,,44959.11,,,09-25
133,600469,风神股份,,,1.62,12.14,,3683.29,240.35,,09-24
134,600406,国电南瑞,,,1.51,,0.47,3037.2,127.16,,09-19
135,600517,置信电气,,,1.45,24.26,0.46,1722.76,10.72,,09-15
136,600403,*ST大有,,,1.64,36.07,,1362.3,-5.29,,09-12
137,600507,方大特钢,,,1.62,21.45,0.63,2971.7,46.96,,09-11
138,600401,*ST海润,,,1.46,26.55,,1579.36,102.11,,09-05
139,600958,东方证券,,,,,,6489.58,,,09-04
140,600478,科力远,,,1.1,9.23,,814.34,4.14,,08-29
141,600429,三元股份,,,1.06,11.19,,5882.46,1.69,,08-26
142,600015,华夏银行,,,0.84,,,64025.89,66.93,,08-22
143,600432,*ST吉恩,,,1.21,,,2329.24,-32.33,,08-18
144,600462,九有股份,,,3.42,9.2,,3096.27,-2.65,,08-15
145,600449,宁夏建材,,,1.85,,,2497.33,-13.16,,08-11
146,600547,山东黄金,,,1.81,,,2615.63,-1.79,,08-08
147,601377,兴业证券,,,,,,1500.86,-92.52,,08-05
148,600487,亨通光电,,,1.8,40.87,,7032.69,58.58,,08-04
149,600348,阳泉煤业,,,1.7,19.05,,11368.75,8.48,,08-01
150,600480,凌云股份,,,1.05,15.78,,2985.64,54.98,,07-28
151,600489,中金黄金,,,1.66,11.95,,3491.62,14.68,,07-25
152,601998,中信银行,,,,,,94553.1,2.33,,07-25
153,600020,中原高速,,,1.87,19.5,,25595.2,206.13,,07-21
154,600485,信威集团,,,1.77,45.46,,2307.47,40.39,,07-18
155,600352,浙江龙盛,,,1.48,22.37,,5620.77,57.68,,07-14
156,600546,山煤国际,,,1.51,29.65,0.07,2737.33,178.79,,07-11
157,600029,南方航空,,,2.48,5.39,,41704.8,-22.14,,07-07
158,600439,瑞贝卡,,,1.6,,-0.1,2593.97,17.63,,07-05
159,600425,*ST青松,,,1.55,13.29,0.29,2658.7,15.19,,07-04
160,600475,华光股份,,,1.57,,,2592.89,48.69,,07-01
161,600423,*ST柳化,,,1.69,25.45,,3002.25,20.31,,06-27
162,601169,北京银行,,,2.02,,,59834.31,,,06-26
163,002142,宁波银行,,,,,,1899.78,,,06-26
164,601328,交通银行,,,,,,190861.29,,,06-17
165,600435,北方导航,,,1.91,27.4,,2444.61,100.8,,06-16
166,600433,冠豪高新,,,1.34,,,2500.53,32.75,,06-14
167,600031,三一重工,,,1.45,,0.58,9124.61,52.2,,06-13
168,600436,片仔癀,,,1.46,36.3,0.66,5216.22,4.21,,06-11
169,600273,嘉化能源,,,1.08,20.38,,2589.87,3.87,,06-09
170,600490,鹏欣资源,,,1.81,19.47,,1528.51,29.37,,06-06
171,600251,冠农股份,,,1.57,,0.4,2055.85,46.51,,06-04
172,600409,三友化工,,,1.51,18.98,0.47,7214.76,-7.02,,05-30
173,601318,中国平安,,,2.79,,13.61,176092.68,37.36,,05-28
174,000656,金科股份,,,1.41,-5.47,-0.07,-1632.01,-788.51,,05-27
175,600392,盛和资源,,,1.09,37.58,0.17,1837.18,76.47,,05-24
176,600584,长电科技,,,1.41,29.52,,4623.18,36.39,,05-14
177,600459,贵研铂业,,,1.77,18.87,0.33,1560.58,9.91,,04-30
178,601788,光大证券,,,,,,4002.56,,,04-30
179,000166,申万宏源,,,,,,14924.64,,,04-29
180,601555,东吴证券,,,,,,2549.61,,,04-24
181,600004,白云机场,,,1.76,28.33,0.61,29679.02,50.84,,04-09
182,600481,双良节能,,,1.1,,0.28,7198.62,9.66,,04-02
183,600502,安徽水利,,,1.47,16.66,,1540.39,86.16,,03-26
184,600343,航天动力,,,1.23,16.19,0.12,2218.72,68.66,,03-19
185,600513,联环药业,,,1.74,22.01,0.37,1364.47,87.84,,03-14
186,600375,华菱星马,,,2.03,,1.18,3459.26,179.5,,03-12
187,600575,皖江物流,,,1.63,21.73,,2567.69,67.86,,03-08
188,600039,四川路桥,,,2.56,20.04,,6983.09,-20.62,,03-05
189,600271,航天信息,,,2.33,33.53,,7976.19,-47.31,,02-23
190,600460,士兰微,,,1.82,,0.43,3618.14,-46.94,,02-19
191,600370,三房巷,,,,18.77,1.05,3815.26,7.27,,02-14
192,600521,华海药业,,,1.11,49.68,,4261.01,24.05,,02-12
193,600573,惠泉啤酒,,,1.99,15.99,,6330.29,-25.82,,01-28
194,600576,万家文化,,,1.47,,,4212.11,8.03,,01-22
195,600408,安泰集团,,,1.42,19.62,0.43,4073.7,6.48,,01-15
196,600537,亿晶光电,,,1.4,24.0,0.24,3418.6,-3.39,,01-03
197,002673,西部证券,,,,,,4108.91,,,12-25
198,600538,国发股份,,,1.97,21.0,0.35,2459.42,57.57,,12-24
199,600012,皖通高速,,,2.05,8.7,,24811.93,38.07,,12-18
200,002500,山西证券,,,,,,8568.99,41.25,,12-18
201,600030,中信证券,0.3,-44.44,1.6,16.48,,63126.96,-44.11,,12-13
202,600512,腾达建设,,,1.45,18.7,0.09,2471.49,0.93,,12-06
203,600458,时代新材,,,1.44,26.25,0.09,1659.31,45.02,,11-29
204,600563,法拉电子,,,2.27,,,4023.12,10.19,,11-20
205,600525,长园集团,,,1.62,25.97,0.53,2795.79,15.08,,11-13
206,600511,国药股份,,,1.66,,-0.37,1985.62,41.94,,11-07
207,600353,旭光股份,,,2.66,17.0,,2157.97,13.84,,10-31
208,600549,厦门钨业,,,2.28,28.63,2.38,6132.43,72.25,,10-21
209,600552,凯盛科技,,,1.75,17.25,0.35,1386.79,18.58,,10-18
210,600571,信雅达,,,1.57,50.57,,2806.4,45.37,,10-14
211,600532,宏达矿业,,,1.81,18.96,,1563.52,19.07,,10-11
212,600559,老白干酒,,,1.48,,,2182.54,0.59,,10-09
213,600522,中天科技,,,1.36,22.08,0.55,3772.31,6.44,,09-27
214,000875,吉电股份,,,2.19,5.22,0.2,7341.16,-44.08,,09-21
215,600050,中国联通,,,1.66,7.3,,167051.99,7.58,,09-17
216,600499,科达洁能,,,2.09,41.47,0.46,2497.23,42.03,,09-13
217,600587,新华医疗,,,2.25,23.56,0.4,1864.19,58.62,,09-09
218,600351,亚宝药业,,,1.15,21.62,,1796.56,23.67,,09-06
219,600557,康缘药业,,,1.4,,,1831.82,60.39,,09-02
220,600560,金自天正,,,2.19,20.95,0.14,2113.33,24.89,,08-30
221,600371,万向德农,,,1.87,14.97,0.34,1562.48,9.57,,08-26
222,600577,精达股份,,,1.7,33.14,0.85,1984.43,36.96,,08-23
223,600516,方大炭素,,,2.29,20.02,-0.72,4995.19,103.0,,08-12
224,600535,天士力,,,1.71,,0.6,10287.14,29.35,,08-05
225,600581,八一钢铁,,,2.33,,,20942.51,73.09,,07-29
226,600597,光明乳业,,,1.08,28.0,,16290.66,56.29,,07-29
227,600586,金晶科技,,,2.38,36.88,0.11,4589.54,32.32,,07-26
228,600579,天华院,,,1.79,14.77,0.66,2959.05,16.39,10派0.3送1转1,07-23
229,600592,龙溪股份,,,2.02,16.02,0.26,2979.66,26.8,,07-18
230,600862,中航高科,,,2.57,-32.04,-2.03,-23827.27,-364.5,,07-18
231,600515,海航基础,,,1.84,10.0,0.32,2371.05,7.08,10派2,07-15
232,600531,豫光金铅,,,2.22,18.04,,3012.89,16.3,,07-11
233,600565,迪马股份,,,1.21,,0.14,4725.01,41.93,,07-08
234,600526,菲达环保,,,1.6,22.28,0.18,2141.45,45.59,,07-04
235,600416,湘电股份,,,1.91,18.73,0.4,3928.63,5.37,,07-01
236,600561,江西长运,,,1.74,20.44,0.89,2197.89,20.79,,06-27
237,600593,大连圣亚,,,1.17,29.61,,2313.29,2.34,,06-24
238,600503,华丽家族,,,1.72,28.95,,3040.02,22.27,,06-20
239,600590,泰豪科技,,,1.47,17.6,0.15,2217.74,64.5,,06-17
240,600397,安源煤业,,,1.65,22.13,0.53,4993.83,13.75,,06-13
241,600595,中孚实业,,,2.59,20.97,0.92,4190.08,37.32,,06-10
242,600327,大东方,,,1.62,31.81,1.12,3234.65,12.78,,06-06
243,600426,华鲁恒升,,,1.62,18.18,,3357.48,-2.35,,06-03
244,600510,黑牡丹,,,2.07,30.31,0.74,8704.93,38.88,,05-30
245,600355,精伦电子,,,2.01,58.46,1.03,8352.73,37.72,,05-27
246,600580,卧龙电气,,,1.59,29.92,0.54,3066.5,15.06,,05-18
247,600496,精工钢构,,,1.42,11.6,0.38,1265.63,-0.16,,05-17
248,600529,山东药玻,,,4.27,19.53,0.57,3879.73,27.4,10派2,05-15
249,600505,西昌电力,,,2.79,9.37,,2400.42,-6.24,,05-11
250,600026,中远海能,,,1.71,6.96,,35129.73,12.67,,05-09
251,000544,中原环保,,,0.18,-100.56,0.35,-9774.44,-1924.51,,04-30
252,000682,东方电子,,,0.6,11.48,0.04,6269.78,-86.74,,04-30
253,600615,丰华股份,,,3.58,,0.13,-4138.97,-2117.0,,04-30
254,600603,广汇物流,,,0.09,-2124.26,0.23,-36025.71,-9026.97,,04-30
255,000039,中集集团,,,7.04,23.67,4.68,54300.67,17.54,10派5送5,04-30
256,600784,鲁银投资,,,2.29,0.73,0.12,378.34,-91.21,10转1,04-30
257,600609,金杯汽车,,,1.42,-42.04,-0.01,-82503.87,-430.21,,04-30
258,000410,*ST沈机,,,2.63,1.9,0.16,1697.46,5.43,,04-30
259,600613,神奇制药,,,1.64,-16.55,-0.14,-4367.35,-751.4,,04-30
260,600759,洲际油气,,,-1.73,,0.07,114.44,-101.67,,04-30
261,000616,海航投资,,,3.25,3.41,-0.94,1490.51,-44.53,,04-30
262,000546,金圆股份,,,0.04,,-0.05,2258.54,-116.99,,04-30
263,000635,英力特,,,1.6,-107.49,-1.06,-19695.43,-783.21,,04-30
264,000545,金浦钛业,,,1.05,-7.06,-0.05,-1048.71,-315.24,,04-30
265,600859,王府井,,,3.88,1.59,0.21,2441.42,-19.96,10派0.5,04-30
266,600629,华建集团,,,-2.7,,0.08,-48947.8,1123.96,,04-30
267,600751,天海投资,,,2.32,2.35,0.08,2477.48,-69.88,,04-30
268,000557,西部创业,,,-1.66,,0.27,-39444.14,-194.44,,04-30
269,600853,龙建股份,,,1.32,-10.65,0.2,-7853.37,-58.94,,04-30
270,600137,浪莎股份,,,2.41,-12.37,-0.3,-1929.63,-220.23,,04-30
271,600176,中国巨石,,,2.16,0.31,-0.24,147.12,-96.84,,04-30
272,600745,闻泰科技,,,1.06,11.77,-0.05,736.54,-108.06,,04-30
273,000766,通化金马,,,1.05,-76.5,-1.65,-58412.47,-341.46,,04-29
274,600385,山东金泰,,,1.32,,0.19,1179.0,-17.39,,04-29
275,000008,神州高铁,,,-0.66,,-0.01,-12462.24,-788.85,,04-29
276,600645,中源协和,,,1.44,0.69,-0.28,252.57,-94.67,,04-29
277,600876,洛阳玻璃,,,2.23,0.63,0.19,986.8,-85.05,,04-29
278,000738,航发控制,,,1.66,-28.39,0.07,-21902.12,35.01,,04-29
279,000150,宜华健康,,,2.06,0.27,-0.15,179.77,-95.48,,04-29
280,600415,小商品城,,,2.7,13.0,0.44,3296.38,-0.62,,04-27
281,000798,中水渔业,,,3.04,5.18,0.29,4002.28,-34.94,10派0.5,04-27
282,600272,开开实业,,,3.33,6.56,0.29,4925.89,66.43,10派1,04-27
283,600844,*ST丹科,,,1.98,0.9,0.0,545.67,-60.35,,04-27
284,000838,财信发展,,,0.53,11.77,0.85,167.14,-105.06,,04-27
285,000012,南玻A,,,2.73,8.14,0.54,15129.72,-7.87,10派1.3,04-27
286,600053,九鼎投资,,,2.16,-64.88,-0.78,-29924.52,-648.71,,04-27
287,600818,中路股份,,,0.24,-6.56,-0.18,883.73,-103.58,,04-27
288,600893,航发动力,,,2.11,-25.75,0.08,-14111.44,1161.56,,04-27
289,000011,深物业A,,,0.53,35.79,0.25,8638.59,60.83,,04-27
290,600811,东方集团,,,4.48,6.51,0.54,16319.4,-11.5,10派0.25送1,04-27
291,600846,同济科技,,,1.54,4.04,0.08,1611.93,-53.35,,04-27
292,000035,中国天楹,,,1.72,29.84,-1.75,5179.4,13.92,,04-27
293,000059,华锦股份,,,2.02,0.18,0.28,243.17,4.14,,04-27
294,000980,众泰汽车,,,3.13,0.24,-0.21,112.94,-97.04,,04-27
295,000620,新华联,,,2.16,-11.46,-0.38,-8153.42,-280.0,,04-27
296,000876,新希望,,,5.31,8.61,0.64,8430.31,53.27,,04-26
297,600814,杭州解百,,,1.63,-1.54,0.18,-599.49,-118.21,,04-26
298,600338,西藏珠峰,,,3.86,5.12,-0.61,3087.23,-7.21,10派0.5,04-26
299,000536,华映科技,,,-0.15,,0.43,1042.94,-123.43,,04-26
300,600663,陆家嘴,,,2.37,2.69,0.22,11751.68,-66.42,,04-26
301,600698,湖南天雁,,,1.84,-39.08,-0.14,-69978.27,156.86,,04-26
302,000597,东北制药,,,2.91,1.09,0.26,1011.33,-64.95,,04-26
303,000498,山东路桥,,,1.33,-16.0,0.35,-8806.39,-1342.4,,04-26
304,000876,新希望,,,5.31,8.61,0.64,8430.31,53.27,,04-26
305,000921,海信科龙,,,2.42,-48.9,0.15,-155557.31,129.29,,04-25
306,600016,民生银行,0.29,,2.41,12.25,7.02,64637.0,50.61,10派0.7送1.5,04-25
307,600856,中天能源,,,1.96,1.39,-0.01,493.08,-79.61,,04-25
308,600127,金健米业,,,2.91,1.97,0.07,1703.67,-71.84,,04-25
309,600870,厦华电子,,,1.95,,-0.43,-28653.17,-2.12,,04-25
310,000589,黔轮胎A,,,3.19,-9.09,0.22,-7525.52,-609.73,,04-25
311,600335,国机汽车,,,2.76,0.72,-0.09,223.67,-86.61,,04-25
312,600695,绿庭投资,,,1.21,-15.99,0.05,-14156.28,-1886.24,,04-25
313,002181,粤传媒,,,2.52,13.61,0.36,6402.09,820.01,,04-25
314,000488,晨鸣纸业,,,6.37,4.84,0.29,14199.97,-38.62,,04-25
315,000692,惠天热电,,,4.24,4.83,0.49,4962.95,-46.82,,04-24
316,000034,神州数码,,,1.16,13.0,-0.2,4361.44,-83.93,,04-24
317,000638,万方发展,,,0.39,-89.25,-0.02,-9597.23,-9451.65,,04-24
318,600738,兰州民百,,,1.33,-11.65,-0.02,-3969.94,-176.12,,04-24
319,600448,华纺股份,,,3.12,6.54,0.15,2840.54,-16.43,10派1,04-23
320,000816,智慧农业,,,4.22,6.38,0.2,8047.01,2.14,,04-23
321,000977,浪潮信息,,,3.75,5.37,0.37,4332.28,-28.13,,04-23
322,000603,盛达矿业,,,0.22,-123.08,-0.0,-8833.33,-4245.67,,04-23
323,600835,上海机电,,,5.05,9.29,1.64,24644.46,-10.67,10派1.5转1,04-23
324,000725,京东方A,,,3.79,3.0,0.72,6025.09,-45.42,,04-23
325,000552,靖远煤电,,,1.26,5.24,-0.01,1111.69,-65.51,,04-23
326,600781,辅仁药业,,,1.1,-30.57,-0.01,-7038.65,-3649.02,,04-23
327,000581,威孚高科,,,3.86,8.88,0.38,15071.95,13.69,10派2,04-23
328,000078,海王生物,,,7.51,4.96,-0.37,7981.9,29.72,10转5,04-23
329,600756,浪潮软件,,,1.66,20.47,0.7,5231.94,199.47,10派0.5,04-23
330,600743,华远地产,,,0.33,-157.19,0.07,-2415.09,-92.11,,04-22
331,000533,万家乐,,,0.43,-132.7,-0.63,-97855.67,-4321.47,,04-22
332,600685,中船防务,,,1.25,1.46,0.67,897.83,-101.24,,04-22
333,600536,中国软件,,,1.38,43.62,0.29,3010.67,48.87,,04-22
334,000687,华讯方舟,,,3.06,2.46,0.13,2411.21,-24.9,,04-20
335,600677,航天通信,,,1.53,6.02,0.16,2994.78,-67.48,10派1,04-20
336,000554,泰山石油,,,1.59,,0.05,4622.22,-64.15,,04-20
337,000909,数源科技,,,2.69,0.69,-0.19,358.27,2.67,,04-20
338,600877,*ST嘉陵,,,2.86,0.72,0.12,975.29,-58.57,,04-20
339,600238,海南椰岛,,,2.55,11.35,0.35,4419.11,34.97,10派0.6,04-20
340,600704,物产中大,,,3.76,6.8,0.67,7309.73,1.41,10派1,04-20
341,600737,中粮糖业,,,2.31,5.88,-0.51,5066.58,-44.84,10派0.25送1转4,04-20
342,600754,锦江股份,,,2.85,3.17,0.08,5412.07,-54.18,10派1,04-20
343,000661,长春高新,,,3.45,0.96,0.2,432.61,-85.95,,04-20
344,600618,氯碱化工,,,2.41,0.18,0.2,513.34,-89.87,,04-20
345,000553,沙隆达A,,,3.28,1.08,0.38,1049.68,-41.71,,04-20
346,600715,文投控股,,,0.86,-30.31,0.37,-6271.02,-301.79,,04-20
347,600637,东方明珠,,,4.62,6.23,-0.62,20310.52,16.87,10派1送1,04-20
348,000408,藏格控股,,,3.79,3.82,0.4,1520.8,-23.35,10派0.2,04-20
349,000691,ST亚太,,,2.37,0.92,0.49,558.63,113.84,,04-20
350,000788,北大医药,,,1.5,1.66,0.18,473.41,-105.13,,04-20
351,000415,渤海金控,,,1.88,6.75,0.33,2893.14,-37.84,10派0.2,04-20
352,000558,莱茵体育,,,1.42,1.95,-0.17,319.74,-76.05,,04-20
353,000029,深深房A,,,1.01,-41.85,0.07,-53728.04,-801.85,,04-20
354,600653,申华控股,,,2.5,8.43,-0.23,13551.68,-40.02,10转8,04-20
355,000758,中色股份,,,2.28,-15.63,0.32,-14028.51,-997.16,,04-20
356,000826,启迪桑德,,,1.65,-18.84,0.08,-6203.77,59.3,,04-20
357,600380,健康元,,,7.31,15.54,0.83,20061.81,21.74,10派3转5,04-20
358,600610,中毅达,,,0.12,16.9,0.13,661.2,103.15,,04-20
359,000009,中国宝安,,,1.25,3.41,0.25,4085.51,9.82,,04-20
360,600838,上海九百,,,1.44,-17.53,0.28,-9830.69,-290.01,,04-20
361,600610,中毅达,,,0.12,16.9,0.13,661.2,103.15,,04-20
362,000009,中国宝安,,,1.25,3.41,0.25,4085.51,9.82,,04-20
363,000048,康达尔,,,0.13,-102.37,0.69,-10644.93,-67.69,,04-20
364,600169,太原重工,,,2.34,2.39,-0.08,2052.57,-60.81,,04-20
365,000728,国元证券,,,2.67,-18.17,0.25,-16721.73,-321.93,,04-20
366,000411,英特集团,,,0.64,18.67,0.04,945.85,-112.84,,04-20
367,600234,ST山水,,,2.35,-26.88,-0.06,-6838.31,-450.69,,04-19
368,600683,京投发展,,,1.19,1.73,0.02,403.33,-41.03,,04-19
369,000797,中国武夷,,,3.15,3.68,-0.73,4435.56,-43.84,,04-19
370,000001,平安银行,0.21,,1.86,10.82,7.52,40236.04,-20.57,10派1.5,04-19
371,000585,东北电气,,,0.38,-111.08,0.21,-80380.67,121.07,,04-19
372,000673,当代东方,,,1.67,5.22,0.03,1473.53,-47.34,,04-19
373,600872,中炬高新,,,2.72,5.45,0.1,6483.64,-51.59,,04-19
374,000733,振华科技,,,5.02,4.36,0.21,7733.3,-7.71,,04-19
375,600608,*ST沪科,,,2.09,9.9,0.45,3011.96,40.49,,04-19
376,000566,海南海药,,,-1.23,,0.07,-26461.04,389.28,,04-19
377,600894,广日股份,,,2.25,4.26,0.12,6568.13,-35.11,10派0.4,04-19
378,600086,东方金钰,,,1.41,5.35,0.01,2598.8,-18.67,10派0.1,04-19
379,000860,顺鑫农业,,,3.46,7.15,0.04,7339.94,-4.04,,04-19
380,000951,中国重汽,,,2.09,-12.7,-0.28,-7516.51,-908.52,,04-19
381,000030,富奥股份,,,-3.37,,0.11,-99537.92,-23781.84,,04-19
382,600667,太极实业,,,1.51,0.69,0.36,381.73,-109.3,,04-19
383,000650,仁和药业,,,1.66,-3.77,0.02,-1271.32,-158.35,,04-19
384,600159,大龙地产,,,2.3,-5.58,-0.44,-3844.06,-187.92,,04-19
385,600057,象屿股份,,,1.15,-17.34,0.16,-7824.95,-55.15,,04-19
386,000752,西藏发展,,,1.99,9.44,0.14,3158.08,13.75,,04-19
387,600582,天地科技,,,2.12,34.79,0.55,3120.06,29.35,10派1,04-19
388,000017,深中华A,,,-4.15,,-0.02,-225724.42,1168.46,,04-19
389,000513,丽珠集团,,,3.0,5.59,0.51,5039.21,385.67,10派0.3,04-19
390,600816,安信信托,-0.44,,1.27,-29.76,0.3,-20128.99,-316.15,,04-19
391,600604,市北高新,,,1.2,2.05,0.23,1389.63,100.9,,04-19
392,600621,华鑫股份,,,1.6,-14.0,0.38,-12616.51,-162.45,,04-19
393,000505,珠江控股,,,1.03,-9.27,-0.05,-3821.44,-160.92,,04-19
394,000555,神州信息,,,1.19,3.96,-0.41,379.53,668.37,,04-19
395,600797,浙大网新,,,2.78,9.66,0.66,8441.56,28.02,10派0.8,04-19
396,000561,烽火电子,,,1.22,-49.95,-0.19,-32354.4,-2492.79,,04-18
397,000972,*ST中基,,,3.23,4.82,-0.29,1982.99,-26.93,,04-18
398,600722,金牛化工,,,2.31,2.03,0.17,1988.38,-80.91,,04-18
399,600657,信达地产,,,4.15,6.35,1.59,4646.09,-32.62,10派0.6,04-18
400,600766,园城黄金,,,1.52,-28.04,-0.53,-7539.04,-455.18,,04-18
401,600179,安通控股,,,2.37,2.78,-0.37,2175.79,8.1,,04-18
402,600861,北京城乡,,,3.97,6.04,0.41,9515.22,-1.91,10派0.6,04-18
403,600650,锦江投资,,,3.02,0.59,0.16,890.48,56.84,10转1,04-18
404,000915,山大华特,,,2.72,0.59,-0.0,145.32,-148.24,,04-18
405,600848,上海临港,,,0.28,10.12,0.25,835.57,-103.87,,04-18
406,600243,青海华鼎,,,2.54,5.36,-0.2,2120.92,12.65,10派0.5,04-18
407,600692,亚通股份,,,2.56,4.96,0.55,1595.8,-37.74,10派0.5送1,04-18
408,000409,山东地矿,,,1.26,-9.26,-0.05,-2103.08,-408.76,,04-18
409,000540,中天金融,,,1.44,9.04,-0.45,4086.86,-82.19,,04-18
410,600860,*ST京城,,,2.38,6.65,0.13,6428.17,25.01,10派1.2,04-18
411,000528,柳工,,,2.15,3.05,0.16,2144.55,1757.89,10派0.5,04-18
412,600617,国新能源,,,1.7,0.4,-0.12,112.82,-81.78,,04-18
413,000582,北部湾港,,,2.71,0.49,0.18,250.14,-83.94,,04-18
414,600854,春兰股份,,,5.65,10.39,0.47,23096.72,-13.34,10派3,04-18
415,000005,世纪星源,,,1.52,-6.06,-0.04,-6661.39,-6399.28,,04-18
416,600769,祥龙电业,,,2.45,-5.59,0.01,-4922.62,-330.8,,04-18
417,600146,商赢环球,,,1.75,-30.29,0.13,-12176.42,-1865.67,,04-18
418,000633,合金投资,,,1.36,5.2,0.28,2206.82,-54.06,,04-18
419,600707,彩虹股份,,,3.71,5.31,0.26,8441.9,-26.68,10派1.69,04-18
420,600769,祥龙电业,,,2.45,-5.59,0.01,-4922.62,-330.8,,04-18
421,600146,商赢环球,,,1.75,-30.29,0.13,-12176.42,-1865.67,,04-18
422,000633,合金投资,,,1.36,5.2,0.28,2206.82,-54.06,,04-18
423,600707,彩虹股份,,,3.71,5.31,0.26,8441.9,-26.68,10派1.69,04-18
424,000426,兴业矿业,,,4.55,6.71,0.08,6219.34,-1.66,10派0.25送1转1,04-18
425,600763,通策医疗,,,0.26,-129.31,-0.01,-15169.62,537.03,,04-18
426,000413,东旭光电,,,1.43,7.41,-0.22,3939.1,-53.08,,04-18
427,600519,贵州茅台,,,10.12,26.79,0.17,32829.07,30.74,10派6转1,04-17
428,600182,S佳通,,,1.78,-23.91,-0.33,-16462.56,-5276.99,,04-17
429,000593,大通燃气,,,1.77,4.02,-0.01,1218.38,-41.94,10送1,04-17
430,600689,上海三毛,,,2.41,0.27,0.09,131.63,-97.98,,04-17
431,000567,海德股份,,,0.26,-230.36,0.0,-8908.47,115.86,,04-17
432,000560,昆百大A,,,0.11,-167.61,-0.09,-14751.89,90.55,,04-17
433,000026,飞亚达A,,,2.36,1.9,0.26,1132.28,-22.79,10派0.5,04-17
434,000529,广弘控股,,,3.16,-22.63,0.34,-32083.76,-4830.19,,04-17
435,000572,海马汽车,,,0.34,-141.0,0.05,-10488.2,-12098.08,,04-17
436,000636,风华高科,,,3.89,2.08,0.05,4283.17,-88.28,,04-17
437,000521,美菱电器,,,2.49,-29.06,-0.06,-34954.99,-6425.24,,04-17
438,000050,深天马A,,,5.26,3.71,0.6,2463.04,-24.26,10派1.5,04-17
439,600312,平高电气,,,4.81,5.13,-0.19,4410.78,-7.1,10派1.5,04-17
440,000514,渝开发,,,0.24,-135.26,0.24,-10337.19,-19932.57,,04-17
441,000712,锦龙股份,,,2.81,5.54,-0.11,2357.26,-58.31,,04-17
442,000670,盈方微,,,4.02,0.31,-0.46,223.43,-95.73,,04-17
443,000040,东旭蓝天,,,2.25,-11.2,0.09,-12560.33,-1176.67,,04-17
444,000627,天茂集团,,,1.33,5.8,0.07,3722.71,8.71,10派0.125送0.5转1,04-16
445,600858,银座股份,,,0.88,-27.1,-0.05,-3363.52,39.91,,04-16
446,600891,秋林集团,,,2.25,-9.02,0.04,-5180.2,-1753.43,,04-16
447,600792,云煤能源,,,1.39,-30.88,0.24,-2575.28,86.79,,04-16
448,600863,内蒙华电,,,3.75,6.41,0.35,22020.56,-27.61,10派1.2,04-16
449,600151,航天机电,,,2.53,8.34,0.4,9949.5,-31.86,10派1.3,04-16
450,000751,锌业股份,,,3.01,5.17,0.04,13585.58,-67.53,,04-16
451,000935,四川双马,,,1.64,9.86,0.15,5121.4,-12.46,,04-16
452,600379,宝光股份,,,1.57,11.11,0.04,1248.7,98.72,,04-16
453,600303,曙光股份,,,2.68,7.76,0.18,3472.8,9.9,10派2,04-16
454,600712,南宁百货,,,2.93,6.31,0.76,1652.21,-7.89,10派0.6,04-16
455,000762,西藏矿业,,,2.42,0.67,-0.05,326.77,-47.29,,04-16
456,000027,深圳能源,,,2.59,14.59,1.95,39813.68,12.18,10派3送2,04-16
457,000910,大亚圣象,,,3.52,7.08,0.4,5652.86,-2.13,,04-16
458,000928,中钢国际,,,3.65,3.4,-0.1,3621.75,-13.91,,04-16
459,600060,海信电器,,,4.49,-0.87,1.03,-1799.56,-114.36,,04-16
460,600808,马钢股份,,,1.82,1.74,0.18,20839.65,18.39,10派0.2,04-16
461,000721,西安饮食,,,2.31,8.08,0.38,2073.63,530.01,,04-16
462,000096,广聚能源,,,2.91,9.25,0.3,8738.97,23.28,10派1.5,04-16
463,600732,ST新梅,,,1.38,-16.19,0.48,-5955.97,-395.66,,04-16
464,600771,广誉远,,,1.78,13.04,0.11,4076.67,-23.31,,04-16
465,000509,华塑控股,,,2.88,4.63,0.23,1969.51,-34.53,,04-16
466,600395,盘江股份,,,3.19,7.59,0.1,6859.43,38.12,10派1,04-16
467,600498,烽火通信,,,5.51,14.94,-0.33,16743.53,50.75,10派1.2,04-16
468,000713,丰乐种业,,,2.74,0.92,0.1,587.53,-91.33,,04-16
469,000006,深振业A,,,4.7,10.2,1.56,11914.89,0.62,10派1.3,04-16
470,000043,中航地产,,,1.82,-40.98,0.52,-13767.0,-936.55,,04-16
471,000502,绿景控股,,,1.16,-23.8,0.0,-4863.69,-234.27,,04-16
472,000590,启迪古汉,,,1.38,-18.99,-0.25,-5967.04,-296.74,,04-16
473,600578,京能电力,,,1.77,13.18,0.99,11802.74,15.36,10派1.66,04-16
474,600630,龙头股份,,,3.83,6.59,0.01,9679.58,-36.23,,04-16
475,600262,北方股份,,,3.36,3.33,-0.11,1894.49,-43.85,10派0.4,04-16
476,000963,华东医药,,,2.81,11.31,0.58,5747.63,25.19,,04-16
477,600052,浙江广厦,,,2.94,,-0.43,7098.04,-25.9,10派1.14,04-16
478,600817,*ST宏盛,,,1.23,1.11,-0.55,107.89,-95.38,,04-16
479,000671,阳光城,,,1.78,1.64,0.12,279.64,-86.03,,04-16
480,600757,长江传媒,,,2.57,4.71,-0.34,5557.23,-46.8,10派0.5,04-16
481,600810,神马股份,,,0.06,1.01,0.07,3437.54,-68.92,10派0.5,04-16
482,600599,熊猫金控,,,3.88,10.84,-0.02,1779.01,50.07,10派1.5送0.5转7.5,04-16
483,600225,*ST松江,,,1.99,2.08,0.88,823.0,-75.07,,04-16
484,600869,智慧能源,,,1.73,0.86,0.01,176.9,-81.18,,04-16
485,000885,同力水泥,,,1.95,-53.53,0.0,-22780.6,534.0,,04-16
486,000955,欣龙控股,,,2.36,3.36,0.1,1614.71,4.96,,04-15
487,000056,皇庭国际,,,1.69,5.43,-0.08,1970.58,-45.45,,04-15
488,600548,深高速,,,2.33,8.97,0.26,40193.69,16.97,10派1,04-15
489,601607,上海医药,,,4.76,10.76,0.21,14528.07,-21.4,10派0.9,04-15
490,000931,中关村,,,2.53,5.02,0.28,8516.3,-46.44,,04-15
491,600350,山东高速,,,1.58,8.4,0.2,39137.0,4.31,,04-13
492,000511,*ST烯碳,,,3.61,10.54,-1.61,9637.11,104.48,,04-13
493,600175,美都能源,,,3.97,-3.39,1.27,-1403.78,-174.26,,04-13
494,000883,湖北能源,,,3.08,6.29,-0.33,4828.01,-9.74,,04-13
495,600728,佳都科技,,,3.91,3.46,0.23,2807.1,-55.76,10派0.5,04-13
496,600626,申达股份,,,3.53,12.07,0.42,14378.7,16.55,10派2,04-13
497,000818,方大化工,,,2.82,-1.55,0.5,-1496.23,-154.25,,04-13
498,600651,飞乐音响,,,1.5,17.8,0.05,10272.22,28.72,10派1.2,04-13
499,000637,茂化实华,,,2.19,11.64,0.17,5929.81,18.59,10派1转2,04-13
500,000802,北京文化,,,3.22,0.65,-0.58,246.42,-92.89,,04-13
501,600346,恒力股份,,,2.97,8.4,0.04,1595.26,15.56,10派1,04-13
502,000523,广州浪奇,,,2.2,0.91,0.35,453.91,86.6,,04-13
503,000701,厦门信达,,,2.34,-3.37,0.13,-1600.63,-295.59,,04-13
504,000031,中粮地产,,,2.03,6.36,0.29,5844.94,186.5,,04-13
505,000782,美达股份,,,2.3,2.25,0.55,1758.76,-35.25,10派0.3,04-13
506,000516,国际医学,,,2.73,9.11,0.87,3115.33,-2.48,10派1.6,04-13
507,000584,哈工智能,,,1.43,6.25,0.09,1789.52,-13.37,,04-13
508,600776,东方通信,,,5.82,5.65,1.7,20734.37,-45.24,10派2,04-13
509,600069,银鸽投资,,,1.02,-46.5,-0.34,-22781.0,-2281.27,,04-13
510,000886,海南高速,,,2.66,2.37,0.12,6218.62,-14.02,,04-13
511,600074,保千里,,,4.1,13.22,0.86,7580.69,18.64,10派1,04-13
512,000628,高新发展,,,2.73,0.84,0.63,440.79,16.32,10派0.11,04-13
513,600183,生益科技,,,1.98,6.5,0.41,6334.13,-70.47,10派0.75送3,04-13
514,000049,德赛电池,,,1.09,11.96,0.2,1452.61,3222.58,,04-13
515,600821,津劝业,,,2.29,0.78,0.26,521.68,-84.99,,04-12
516,600647,同达创业,,,-0.49,,0.03,-2151.32,171.98,,04-12
517,000890,法尔胜,,,3.18,7.2,0.1,6465.99,-7.32,,04-12
518,600569,安阳钢铁,,,3.2,14.7,0.43,47073.03,-4.37,10派1.875,04-12
519,000021,深科技,,,3.1,-0.39,0.28,-914.46,-106.06,10派0.6,04-12
520,600072,中船科技,,,3.49,2.91,0.31,2750.69,38.3,10送1转1,04-12
521,000735,罗牛山,,,1.59,8.63,0.06,6424.96,-15.66,,04-12
522,000046,泛海控股,,,3.95,4.69,-1.16,3760.87,-0.62,10派1,04-12
523,000882,华联股份,,,1.88,8.87,-0.26,3558.65,139.55,,04-12
524,000153,丰原药业,,,8.23,4.64,0.36,2476.72,-5.72,,04-12
525,000927,一汽夏利,,,2.2,-2.55,0.23,-8705.25,-131.0,,04-12
526,000547,航天发展,,,3.5,5.24,1.46,2185.0,-42.42,,04-12
527,600059,古越龙山,,,4.82,7.87,-0.34,7143.26,-13.44,10派2,04-12
528,600128,弘业股份,,,2.76,1.84,0.1,1024.31,-76.85,10派0.5,04-12
529,600313,农发种业,,,3.0,0.81,-0.7,610.49,-69.88,10派0.125,04-12
530,600829,人民同泰,,,3.79,9.27,0.11,4420.83,-28.17,10派0.2转3,04-12
531,600172,黄河旋风,,,2.81,4.3,-0.04,2953.94,-39.57,,04-12
532,600623,华谊集团,,,1.22,1.46,0.84,1660.18,-103.85,,04-12
533,600841,上柴股份,,,3.3,2.79,0.5,4447.78,13.93,10派0.55,04-12
534,000507,珠海港,,,2.72,2.87,0.01,2689.44,-46.8,,04-12
535,600758,红阳能源,,,1.6,,-0.08,-8674.02,-1821.56,,04-12
536,000800,一汽轿车,,,2.77,0.53,0.18,2425.44,-91.52,10派0.5,04-12
537,600336,澳柯玛,,,3.48,3.83,0.32,4515.35,59.87,10派1,04-12
538,000066,中国长城,,,2.58,5.75,-0.26,7107.92,-57.52,10派2,04-12
539,000793,华闻传媒,,,3.93,8.65,1.45,9517.47,-3.93,10派1,04-12
540,000570,苏常柴A,,,3.31,-26.5,0.44,-38142.86,-1061.09,,04-12
541,000613,*ST东海A,,,0.02,45.47,0.01,178.22,-102.92,,04-12
542,000683,远兴能源,,,1.19,-13.85,0.22,-12109.52,-694.91,,04-12
543,000918,嘉凯城,,,3.84,4.72,0.07,3025.85,-51.17,,04-12
544,600362,江西铜业,,,1.72,7.44,0.24,30143.47,177.41,10派0.5,04-12
545,000016,深康佳A,,,4.81,-21.64,1.2,-69979.15,-411.18,,04-11
546,000688,建新矿业,,,2.8,3.11,-1.68,2813.28,-65.68,,04-11
547,600767,*ST运盛,,,1.78,0.85,-0.07,513.42,112.29,,04-11
548,600664,哈药股份,,,4.98,15.61,1.14,28379.99,24.44,10派1转2,04-11
549,600186,莲花健康,,,3.04,6.81,0.05,14540.91,-15.37,10派3转3,04-11
550,600867,通化东宝,,,4.23,2.16,0.36,2933.43,-36.66,,04-11
551,600156,华升股份,,,2.75,5.53,0.12,6676.26,-13.57,10派0.3,04-11
552,600216,浙江医药,,,1.33,2.71,0.22,1638.48,-20.86,10派0.3,04-11
553,000007,全新好,,,1.02,28.6,0.22,1533.67,-108.91,,04-11
554,600149,*ST坊展,,,2.03,6.59,0.12,3359.4,4.16,10转2,04-11
555,600365,通葡股份,,,3.86,3.11,-0.17,1656.28,-17.29,,04-11
556,600822,上海物贸,,,1.19,9.46,0.1,2751.14,931.06,10派0.2,04-11
557,600768,宁波富邦,,,0.85,,0.09,28.24,-100.99,,04-10
558,600635,大众公用,,,2.44,10.9,0.67,12832.97,0.13,10派2.1,04-10
559,600815,*ST厦工,,,2.69,3.79,-0.09,2950.55,45.12,10派0.5转5,04-10
560,000803,*ST金宇,,,1.46,2.24,0.2,327.88,-45.58,,04-10
561,000856,冀东装备,,,2.88,-4.73,0.34,-2433.94,-173.39,,04-10
562,000993,闽东电力,,,4.81,1.99,0.04,2880.04,-33.82,,04-10
563,000524,岭南控股,,,2.19,-15.35,0.11,-9813.78,-580.46,,04-10
564,600523,贵航股份,,,2.6,8.08,0.14,1910.32,-48.39,10派0.2,04-10
565,000702,正虹科技,,,2.92,7.21,0.26,6038.28,-24.78,,04-10
566,600614,鹏起科技,,,1.77,14.65,0.16,2814.31,36.76,,04-10
567,000530,大冷股份,,,3.25,8.01,0.13,8891.85,13.78,10派1,04-10
568,600778,友好集团,,,2.41,4.49,0.16,3308.39,11.5,10派0.8,04-10
569,600830,香溢融通,,,2.73,4.05,-0.27,1929.68,-47.54,10派1,04-10
570,000861,海印股份,,,2.95,3.85,0.32,826.82,47.0,,04-10
571,600790,轻纺城,,,2.59,-4.74,0.55,-4676.41,-153.78,,04-10
572,600486,扬农化工,,,1.84,20.34,0.74,2367.62,-0.98,,04-10
573,600843,上工申贝,,,1.99,9.46,0.01,4584.0,30.94,,04-10
574,600167,联美控股,,,1.91,0.61,-0.42,219.63,-106.38,,04-10
575,600806,*ST昆机,,,2.04,0.41,-0.06,205.11,-93.58,,04-10
576,000795,英洛华,,,2.8,1.74,0.03,1335.76,-48.17,,04-10
577,600736,苏州高新,,,3.0,6.61,0.54,8485.86,-21.49,10派1,04-10
578,600847,*ST万里,,,1.0,1.55,0.04,136.28,-84.92,,04-10
579,600882,广泽股份,,,2.6,1.38,0.12,735.87,-32.55,10派0.3,04-10
580,600381,青海春天,,,2.98,7.64,-0.09,1946.85,10.34,10派0.65,04-10
581,000925,众合科技,,,4.09,5.25,0.26,1948.55,-36.17,,04-10
582,000539,粤电力A,,,2.28,18.02,0.76,105776.88,9.02,10派2.2,04-10
583,600875,东方电气,,,1.97,-25.71,-0.12,-26134.91,-11797.4,,04-10
584,000737,南风化工,,,2.89,5.1,0.12,6844.16,-17.09,,04-10
585,600648,外高桥,,,1.87,0.65,0.1,917.02,-61.43,,04-10
586,600292,远达环保,,,4.7,9.68,0.84,7561.21,3.29,10派2,04-10
587,600468,百利电气,,,3.07,2.32,-0.36,595.06,-65.49,10派0.5,04-10
588,600864,哈投股份,,,2.91,5.01,0.15,1971.42,22.36,10派1.1,04-10
589,600285,羚锐制药,,,4.0,5.14,0.03,2510.72,-2.82,10派1,04-10
590,600628,新世界,,,3.08,9.83,0.24,7871.89,3.95,10派0.5送2,04-09
591,000419,通程控股,,,3.13,3.54,0.43,1937.41,-45.75,10派1,04-09
592,000525,红太阳,,,1.72,14.05,0.07,6637.61,67.22,10派0.8,04-09
593,000550,江铃汽车,,,1.87,6.42,0.79,10084.78,89.24,,04-09
594,600809,山西汾酒,,,1.8,3.62,0.21,2870.73,125.58,10派0.6,04-09
595,000710,贝瑞基因,,,1.05,-24.45,-0.57,-4434.03,-2855.88,,04-09
596,600678,四川金顶,,,1.08,-27.33,0.25,-7983.68,-559.34,,04-09
597,600339,中油工程,,,2.65,8.19,,5165.32,43.16,10派1.5,04-09
598,000418,小天鹅A,,,5.47,1.35,0.26,2683.01,-85.75,10派0.14,04-09
599,600150,中国船舶,,,1.95,2.61,0.68,1213.44,-126.0,,04-09
600,600693,东百集团,,,2.42,-16.91,-0.08,-5943.68,-894.15,,04-09
601,600802,福建水泥,,,2.48,0.3,0.3,210.42,-95.99,,04-09
602,600122,宏图高科,,,2.95,6.89,-0.22,5815.39,-27.43,10派0.4,04-09
603,000069,华侨城A,,,2.2,17.91,0.1,18004.82,110.06,10派2.5,04-09
604,000971,高升控股,,,2.24,7.59,0.24,3396.67,-13.21,,04-09
605,000998,隆平高科,,,7.49,5.16,-0.75,4033.23,6.25,,04-09
606,600094,大名城,,,2.92,5.68,0.69,8108.07,-33.73,10派0.5,04-09
607,000680,山推股份,,,2.12,8.26,0.36,4844.75,183.25,10派0.4,04-09
608,600596,新安股份,,,3.68,5.97,0.01,2048.28,-11.35,10派0.5,04-09
609,000090,天健集团,,,4.59,9.12,1.61,9324.84,-3.97,10派2,04-09
610,600337,美克家居,,,6.77,7.2,0.42,4397.46,18.35,10派1转2,04-09
611,600377,宁沪高速,,,2.67,5.7,0.22,78086.4,12.93,10派1.25,04-09
612,600555,海航创新,,,4.74,12.1,0.51,20835.38,12.52,10派2,04-09
613,000760,斯太尔,,,3.22,2.41,0.12,834.21,-73.52,,04-09
614,600388,龙净环保,,,3.71,6.18,-0.08,3713.43,89.64,10派0.7,04-09
615,000913,钱江摩托,,,4.16,8.35,0.38,7561.52,-45.59,,04-09
616,600115,东方航空,,,1.28,1.99,0.66,13291.94,561.89,10派0.2,04-09
617,600865,百大集团,,,2.43,6.05,0.4,3998.74,-26.46,10派0.9,04-09
618,600242,中昌数据,,,2.8,4.26,-0.23,2032.4,-22.74,10派0.2,04-09
619,600887,伊利股份,,,5.68,14.5,2.09,11967.67,21.53,10派3.6,04-09
620,000023,深天地A,,,1.23,-27.04,-0.16,-6388.94,-458.01,,04-09
621,000657,中钨高新,,,3.04,6.47,0.06,3315.32,-12.31,,04-09
622,600735,新华锦,,,1.96,4.07,0.15,1206.8,-40.97,,04-09
623,000723,美锦能源,,,1.36,-66.12,0.41,-18745.64,406.29,,04-09
624,600188,兖州煤业,,,3.04,12.17,0.58,100038.74,30.91,10派1,04-09
625,600740,山西焦化,,,3.35,10.06,0.01,6713.98,40.71,10派1,04-09
626,000022,深赤湾A,,,2.92,7.82,0.59,8682.92,5.17,10派1.02,04-09
627,600229,城市传媒,,,2.83,7.96,0.39,6794.98,4.93,10派1.8,04-08
628,600744,华银电力,,,4.08,4.57,0.26,11356.36,-36.02,10派1,04-08
629,000070,特发信息,,,3.1,5.46,0.11,4191.8,-24.99,10派0.5,04-08
630,600466,蓝光发展,,,5.02,4.89,0.31,2911.48,11.53,10派1,04-08
631,600332,白云山,,,2.68,7.04,0.17,14613.38,-0.07,10派0.6,04-08
632,600383,金地集团,,,4.72,10.08,-1.29,12027.7,42.91,10派1.8,04-08
633,000025,特力A,,,1.21,3.15,0.26,514.41,-104.35,,04-08
634,000893,东凌国际,,,1.45,-24.28,0.29,-8877.32,-3.82,,04-08
635,600165,新日恒力,,,2.69,8.13,0.16,5023.72,0.0,,04-08
636,600108,亚盛集团,,,2.19,6.73,0.02,8944.44,-23.33,10派0.5,04-06
637,600199,金种子酒,,,2.78,3.78,0.41,3516.29,-56.87,10派0.25,04-06
638,000929,兰州黄河,,,2.88,-44.92,0.23,-15222.69,-4723.11,,04-06
639,600826,兰生股份,,,2.81,4.96,0.32,3960.73,-33.0,10派1,04-06
640,600279,重庆港九,,,3.1,6.15,0.08,4358.24,-8.85,10派1,04-06
641,000576,广东甘化,,,3.93,2.89,0.35,2779.21,4.07,,04-06
642,600820,隧道股份,,,2.93,8.19,0.43,9689.02,-29.08,10派0.5转1,04-06
643,600500,中化国际,,,3.87,6.16,1.73,9052.08,-30.69,10派2.5,04-06
644,000695,滨海能源,,,1.66,-7.56,-0.28,-2893.61,-218.06,,04-06
645,600162,香江控股,,,3.36,3.29,0.18,1940.66,-26.93,,04-06
646,600749,西藏旅游,,,1.04,-27.7,0.18,-2683.77,-502.19,,04-06
647,600077,宋都股份,,,2.81,0.61,0.07,214.91,-93.05,,04-06
648,600129,太极集团,,,3.94,10.12,0.89,10143.31,72.94,10派2,04-06
649,000902,新洋丰,,,2.22,-3.64,-0.3,-1780.98,-147.96,,04-06
650,000605,渤海股份,,,1.25,8.82,0.28,831.0,647.65,10派0.2,04-06
651,600308,华泰股份,,,7.59,8.08,0.28,11424.1,30.08,10派0.5送2,04-06
652,000503,海虹控股,,,1.28,23.63,0.0,9265.61,16.68,,04-06
653,000720,新能泰山,,,3.93,9.54,0.31,11584.23,-5.25,,04-06
654,600185,格力地产,,,2.54,2.22,0.59,1106.43,-44.83,10送1,04-06
655,600133,东湖高新,,,2.31,8.13,0.03,4917.37,-1.32,10派0.8,04-06
656,600601,方正科技,,,1.57,18.76,1.5,10030.5,-19.65,,04-06
657,600456,宝钛股份,,,1.86,13.58,0.13,3776.01,-5.82,,04-06
658,000158,常山股份,,,2.98,6.65,0.09,7920.92,-15.38,10派1,04-06
659,600612,老凤祥,,,1.75,,0.48,186.1,-84.75,,04-06
660,000718,苏宁环球,,,3.05,0.37,0.11,453.37,-93.94,,04-06
661,000813,德展健康,,,1.77,-21.25,-0.19,-14500.12,-858.39,,04-06
662,000519,中兵红箭,,,2.29,7.57,-0.06,1536.74,-39.96,,04-06
663,600108,亚盛集团,,,2.19,6.73,0.02,8944.44,-23.33,10派0.5,04-06
664,600199,金种子酒,,,2.78,3.78,0.41,3516.29,-56.87,10派0.25,04-06
665,000929,兰州黄河,,,2.88,-44.92,0.23,-15222.69,-4723.11,,04-06
666,600826,兰生股份,,,2.81,4.96,0.32,3960.73,-33.0,10派1,04-06
667,600279,重庆港九,,,3.1,6.15,0.08,4358.24,-8.85,10派1,04-06
668,000576,广东甘化,,,3.93,2.89,0.35,2779.21,4.07,,04-06
669,000586,汇源通信,,,1.36,-16.96,-0.11,-4850.35,-13.82,,04-05
670,600198,大唐电信,,,4.34,1.87,-0.06,3610.0,-79.77,,04-05
671,600390,五矿资本,,,6.44,4.61,-0.31,3109.66,-5.99,10派1.5,04-05
672,000598,兴蓉环境,,,4.47,9.69,0.19,5790.31,-9.74,10派0.25送1,04-05
673,000823,超声电子,,,2.43,4.98,0.35,4348.89,-43.48,,04-05
674,600054,黄山旅游,,,2.41,6.3,0.45,4581.21,2.02,10派0.3,04-05
675,000159,国际实业,,,3.4,4.34,0.21,2490.85,-3.22,,04-05
676,000822,山东海化,,,3.6,13.97,0.55,18201.7,17.37,,04-05
677,000881,中广核技,,,2.18,7.52,0.28,4965.53,-14.92,,04-05
678,000697,炼石有色,,,3.42,1.62,0.42,1198.22,-83.0,,04-05
679,600701,工大高新,,,2.48,4.88,0.15,3822.89,-38.83,,04-05
680,600673,东阳光科,,,1.12,2.11,0.03,260.55,107.51,,04-05
681,000404,华意压缩,,,2.48,0.15,0.1,92.18,-97.25,,04-05
682,000599,青岛双星,,,3.87,9.5,0.63,5242.18,76.07,10派1.5送1,04-05
683,600600,青岛啤酒,,,2.96,3.56,0.53,10288.77,8.07,10派1.1,04-04
684,000501,鄂武商A,,,1.92,-10.61,0.32,-9831.01,-449.21,,04-04
685,600369,西南证券,,,3.25,2.94,-0.64,1626.64,-41.36,10派0.5,04-04
686,600827,百联股份,,,2.31,13.22,0.4,7005.28,29.32,10送0.86846转0.86846,04-04
687,600361,华联综超,,,4.42,29.8,0.44,4581.74,45.26,,04-04
688,000953,*ST河化,,,2.3,5.9,-0.17,2354.06,-37.84,,04-03
689,000403,ST生化,,,3.15,13.58,0.57,7890.99,-33.73,,04-03
690,600760,中航黑豹,,,2.74,-6.73,0.04,-5198.78,-302.8,,04-03
691,600135,乐凯胶片,,,2.84,13.49,0.58,13986.63,-35.08,10派4,04-03
692,600283,钱江水利,,,3.0,6.1,0.12,5259.27,15.94,10派1.5,04-03
693,000037,深南电A,,,1.66,22.09,0.7,20327.15,39.91,10派3.1,04-03
694,600393,粤泰股份,,,2.11,11.67,-0.49,4703.35,-10.04,,04-03
695,600091,ST明科,,,3.45,8.39,0.8,6281.85,-26.64,,04-03
696,000595,*ST宝实,,,2.43,0.46,0.14,195.92,-11.87,,04-03
697,000156,华数传媒,,,4.96,3.08,0.21,1448.9,-34.91,10派0.8,04-03
698,600316,洪都航空,,,5.13,6.0,0.08,6343.06,54.47,10派1,04-03
699,600723,首商股份,,,3.1,4.5,0.25,5648.3,-10.26,10派1,04-03
700,000626,远大控股,,,1.32,15.85,-0.51,2638.05,597.67,,04-02
701,600688,上海石化,,,1.89,0.53,0.39,7160.4,-92.08,,04-02
702,000960,锡业股份,,,3.25,1.26,-0.47,1455.83,-85.03,,04-02
703,600568,中珠医疗,,,5.95,4.46,0.06,1386.71,10.0,,04-02
704,600088,中视传媒,,,3.05,3.74,0.26,2682.21,12.38,10派0.7,04-02
705,600233,圆通速递,,,3.8,7.39,-0.11,3059.89,3.12,10派1转5,04-02
706,000739,普洛药业,,,1.7,-9.95,-0.0,-2587.21,-445.98,,04-02
707,600871,石化油服,,,2.2,1.94,0.19,17078.9,-79.67,10派0.2,04-02
708,000829,天音控股,,,2.02,0.26,-0.09,82.52,-89.5,,04-02
709,600770,综艺股份,,,2.18,7.3,-0.2,4172.91,-53.94,10派0.5,04-02
710,000666,经纬纺机,,,3.6,5.65,0.15,12288.8,-8.25,10派0.6,04-02
711,600236,桂冠电力,,,3.7,10.11,0.68,25113.99,6.58,10派1.7,04-02
712,000892,欢瑞世纪,,,1.47,14.83,0.24,8623.94,8.11,,04-02
713,600028,中国石化,,,1.6,10.61,0.69,1401800.0,-13.22,10派0.8,04-02
714,600845,宝信软件,,,1.0,17.27,0.08,3853.91,-133.17,,04-02
715,600616,金枫酒业,,,2.44,8.71,0.4,2715.86,2.47,10派1.8,04-01
716,600372,中航电子,,,3.14,9.19,0.44,8693.87,-3.81,10派1.6,03-30
717,000592,平潭发展,,,0.66,-58.24,-0.02,-10575.49,-833.03,,03-30
718,000573,粤宏远A,,,2.99,0.3,0.11,404.03,-32.34,,03-30
719,000668,荣丰控股,,,2.24,5.4,0.16,1736.86,-63.2,10派0.2,03-30
720,600654,*ST中安,,,2.76,7.1,-0.02,7805.02,1.8,10送1,03-30
721,000615,京汉股份,,,3.55,4.89,-0.55,2622.01,-30.0,,03-30
722,600611,大众交通,,,3.55,10.69,1.33,21033.0,7.29,10派2.6,03-30
723,600329,中新药业,,,4.09,,0.43,6444.1,-25.48,10派1.7,03-30
724,600805,悦达投资,,,3.12,,0.82,2035.58,-84.86,,03-30
725,000608,阳光股份,,,2.33,12.81,-0.35,5847.8,-30.19,,03-30
726,600241,时代万恒,,,3.6,8.72,-0.25,3182.16,0.64,10派0.9,03-30
727,600193,创兴资源,,,1.59,6.3,0.52,1635.2,-36.48,,03-30
728,600230,沧州大化,,,2.49,2.74,0.25,1781.78,-64.31,10派0.5,03-30
729,600679,上海凤凰,,,1.87,2.14,-0.01,1826.48,-28.62,10转3,03-30
730,600068,葛洲坝,,,4.62,4.61,0.05,14785.48,-30.3,10派0.3,03-30
731,000736,中房地产,,,3.64,7.53,0.46,1768.63,1.7,,03-30
732,000028,国药一致,,,1.23,10.88,0.25,3651.72,-2145.97,,03-30
733,000911,南宁糖业,,,2.78,8.53,0.09,4734.06,-13.94,,03-30
734,600885,宏发股份,,,1.05,3.13,0.04,421.49,-127.77,,03-30
735,000922,*ST佳电,,,3.13,7.41,0.2,3995.2,6.25,,03-30
736,600372,中航电子,,,3.14,9.19,0.44,8693.87,-3.81,10派1.6,03-30
737,000592,平潭发展,,,0.66,-58.24,-0.02,-10575.49,-833.03,,03-30
738,600246,万通地产,,,3.23,5.45,-1.4,1590.42,-11.97,10派0.8,03-30
739,600266,北京城建,,,2.53,9.43,0.38,14297.66,-2.93,10派1.3,03-30
740,000573,粤宏远A,,,2.99,0.3,0.11,404.03,-32.34,,03-30
741,000668,荣丰控股,,,2.24,5.4,0.16,1736.86,-63.2,10派0.2,03-30
742,000045,深纺织A,,,1.86,8.66,0.18,2520.17,10.94,,03-30
743,600289,亿阳信通,0.69,,8.39,8.4,2.21,7345.32,18.63,10派2,03-30
744,600836,界龙实业,,,1.81,2.74,0.22,553.8,-33.0,,03-30
745,000959,首钢股份,,,2.16,13.61,0.39,70933.92,-6.51,,03-30
746,600883,博闻科技,,,2.31,6.45,0.28,977.39,-5.7,10派0.3转8,03-30
747,600567,山鹰纸业,,,2.06,16.97,-0.03,2303.51,27.5,10派0.6,03-30
748,000732,泰禾集团,,,3.18,5.85,-0.02,2786.17,276.26,,03-30
749,600643,爱建集团,,,4.36,6.19,-0.7,13063.9,-3.57,10派1.5,03-30
750,000559,万向钱潮,,,3.46,9.88,0.69,12118.38,-17.29,10派4,03-30
751,600539,狮头股份,,,3.43,9.09,0.15,3722.78,21.14,10派0.2,03-29
752,000565,渝三峡A,,,2.02,0.65,0.01,229.53,-18.02,,03-29
753,600093,易见股份,,,2.02,4.18,0.25,1612.09,-27.27,,03-29
754,600708,光明地产,,,1.54,11.18,0.28,3018.98,446.73,,03-29
755,000571,新大洲A,,,1.14,-16.42,0.27,-15030.47,7.63,,03-29
756,000950,*ST建峰,,,2.75,1.03,0.08,435.14,-88.31,,03-29
757,000520,长航凤凰,,,2.44,3.43,0.5,4507.87,-32.24,10派0.8,03-29
758,600702,沱牌舍得,,,4.72,1.96,0.15,3085.64,-71.02,,03-29
759,600131,岷江水电,,,2.01,6.24,0.09,2734.13,-9.92,,03-29
760,600690,青岛海尔,,,6.18,13.09,0.88,61783.86,45.69,10派3,03-29
761,600793,宜宾纸业,,,1.7,8.05,-0.11,1269.02,1.05,,03-29
762,600713,南京医药,,,2.24,8.65,-0.02,3689.78,-23.96,10派1,03-29
763,600798,宁波海运,,,1.46,11.43,0.13,8785.17,5.36,10派1.25,03-29
764,600501,航天晨光,,,3.66,10.29,0.15,3300.91,23.03,10派0.3送1转7,03-29
765,000722,湖南发展,,,4.03,7.01,0.23,5315.26,3.21,,03-29
766,000716,黑芝麻,,,2.39,1.38,0.47,457.53,-23.71,,03-29
767,600428,中远海特,,,1.57,24.18,,8567.5,4.75,,03-29
768,600089,特变电工,,,3.19,9.97,-0.13,8222.43,-11.73,10派1,03-29
769,600239,云南城投,,,3.37,10.01,0.13,2020.26,-4.11,10派1转8,03-29
770,000916,华北高速,,,2.5,5.85,0.26,16132.32,-42.54,,03-29
771,600755,厦门国贸,,,3.45,3.79,0.43,2589.0,526.35,,03-29
772,600556,ST慧球,,,5.32,6.97,0.04,1518.08,49.81,10派1,03-29
773,000790,泰合健康,,,3.07,7.74,0.19,2235.14,-9.19,,03-29
774,000726,鲁泰A,,,4.58,9.0,0.03,11412.74,31.92,,03-29
775,600676,交运股份,,,5.54,5.53,0.61,5079.87,-8.36,10派1,03-29
776,000901,航天科技,,,3.31,7.9,0.2,2556.63,27.09,,03-29
777,600812,华北制药,,,2.09,5.73,0.31,13978.62,25.73,10派0.5,03-29
778,600382,广东明珠,,,2.86,7.34,0.07,3282.58,40.24,10派1.5,03-29
779,000679,大连友谊,,,2.54,9.11,,5474.09,16.99,10派1,03-28
780,000531,穗恒运A,,,2.18,10.92,0.98,6445.52,8.73,10派1.6,03-28
781,600118,中国卫星,,,1.47,3.8,0.07,1031.25,-40.01,,03-28
782,600658,电子城,,,1.65,45.85,-0.22,10175.63,1740.72,,03-28
783,000967,盈峰环境,,,3.34,6.12,0.15,2772.72,-26.34,,03-28
784,600873,梅花生物,,,1.98,-15.29,0.07,-3547.46,-823.31,,03-28
785,600717,天津港,,,2.42,17.83,0.72,26984.1,40.8,10派0.8,03-28
786,600009,上海机场,,,3.56,11.76,0.61,56676.12,3.95,10派1.5,03-28
787,000897,津滨发展,,,2.05,7.71,-0.49,6598.32,7.02,,03-28
788,000510,金路集团,,,1.47,16.27,0.12,9405.39,14.6,,03-28
789,600602,云赛智联,,,3.19,6.55,0.51,17044.4,-43.35,10派0.1转1,03-28
790,000062,深圳华强,,,4.37,5.45,0.24,6413.2,-34.46,10派1,03-28
791,000966,长源电力,,,2.27,5.08,0.26,4641.8,-46.35,,03-28
792,000652,泰达股份,,,4.32,10.82,0.52,11952.22,-14.75,10送5,03-28
793,600624,复旦复华,,,1.64,0.73,-0.04,316.64,-88.86,,03-28
794,600295,鄂尔多斯,,,5.67,8.65,0.09,23068.39,11.77,10派2.4,03-28
795,600331,宏达股份,,,5.09,8.9,0.4,2223.86,-39.19,10派1.5,03-28
796,600866,星湖科技,,,2.31,9.23,0.19,6775.46,-21.67,10派1,03-28
797,000708,大冶特钢,,,3.45,1.02,0.75,1568.56,14.77,,03-28
798,000061,农产品,,,5.22,9.13,0.57,8747.74,-1.95,10派2,03-28
799,000965,天保基建,,,2.76,3.83,-0.19,2257.99,-45.96,,03-28
800,000672,上峰水泥,,,2.37,3.55,-0.32,834.42,-23.97,10派0.2转4,03-28
801,600121,*ST郑煤,,,1.51,6.43,0.19,7610.96,-35.43,,03-28
802,600589,广东榕泰,,,3.41,9.79,0.2,3522.75,33.32,10派1.5,03-28
803,000809,*ST新城,,,1.4,-32.72,-0.03,-6265.59,-366.74,,03-28
804,000679,大连友谊,,,2.54,9.11,,5474.09,16.99,,03-28
805,600293,三峡新材,,,3.41,4.54,0.21,3220.81,-26.41,10派0.25送1转2,03-28
806,600418,江淮汽车,,,4.48,16.65,-0.06,8896.24,8.95,10派2,03-28
807,600208,新湖中宝,,,2.88,6.87,-0.34,4063.26,-10.48,10派0.5转2,03-28
808,600675,中华企业,,,2.23,10.93,1.47,13522.4,25.09,10送1转1,03-28
809,000601,韶能股份,,,4.52,7.55,0.5,13124.41,2.39,10派1,03-28
810,600588,用友网络,,,10.02,9.7,1.03,7040.06,75.81,10派6,03-28
811,600605,汇通能源,,,1.47,3.03,0.02,942.33,11.31,,03-28
812,600839,四川长虹,,,5.89,0.7,0.63,8853.59,-67.72,,03-28
813,600109,国金证券,,,0.2,9.54,0.16,130.4,-104.17,,03-28
814,600219,南山铝业,,,4.98,11.64,0.5,14504.36,4.62,10派1.5,03-28
815,600719,大连热电,,,3.31,8.54,0.09,5492.38,-10.18,10派0.8,03-28
816,000820,神雾节能,,,2.53,8.86,0.23,4590.22,67.28,,03-28
817,000899,赣能股份,,,2.57,4.07,0.22,6057.58,-36.27,,03-28
818,600322,天房发展,,,3.86,5.27,-0.5,6630.19,2.95,10派0.4,03-28
819,000987,越秀金控,,,2.5,6.36,0.1,3835.57,1.19,,03-28
820,600694,大商股份,,,4.6,9.29,0.77,8842.66,5.15,10派2,03-27
821,000543,皖能电力,,,3.01,7.21,0.26,16871.88,-23.58,10派1.25,03-27
822,000548,湖南投资,,,3.06,9.1,0.16,8131.49,42.85,,03-27
823,600173,卧龙地产,,,2.66,6.14,0.21,3786.44,-35.12,10派1,03-27
824,600727,鲁北化工,,,5.68,6.3,0.52,13248.12,-32.43,,03-27
825,000541,佛山照明,,,5.32,9.52,0.75,17334.87,7.57,10派4,03-27
826,600359,新农开发,,,3.07,0.6,-0.31,441.09,-95.05,,03-27
827,600270,外运发展,,,5.08,15.45,1.12,23087.86,27.99,10派2送1转1,03-27
828,000908,景峰医药,,,1.78,2.51,0.11,1224.93,-73.51,,03-27
829,600075,新疆天业,,,4.85,4.35,0.47,4685.85,-46.47,10派0.5,03-27
830,000828,东莞控股,,,1.8,-18.96,0.15,-43847.58,-336.49,,03-27
831,600323,瀚蓝环境,,,3.25,10.75,0.7,7318.58,83.89,10派2,03-27
832,600363,联创光电,,,3.65,4.07,0.21,2021.01,18.68,10派0.6转5,03-27
833,600892,大晟文化,,,1.25,2.27,0.62,142.08,17.74,,03-27
834,000004,国农科技,,,1.14,11.74,0.06,1109.51,-49.58,10派0.5,03-27
835,000995,皇台酒业,,,3.29,0.42,-0.2,191.45,-92.75,,03-26
836,600056,中国医药,,,4.22,8.91,2.29,4903.39,52.02,10派1,03-26
837,600558,大西洋,,,3.82,6.21,0.02,2563.07,10.56,10派1.5,03-26
838,001696,宗申动力,,,0.2,62.34,0.29,930.37,-146.45,,03-26
839,000819,岳阳兴长,,,2.14,9.57,0.09,3385.71,-22.35,,03-26
840,600652,游久游戏,,,2.02,4.3,0.17,2566.89,-61.82,,03-26
841,000898,鞍钢股份,,,2.43,5.61,-0.1,40374.3,-17.56,,03-26
842,600851,海欣股份,,,3.38,8.69,0.55,14612.24,24.56,10派1送1转1,03-26
843,600530,交大昂立,,,4.45,9.85,-0.07,5464.09,7.95,10派2,03-26
844,600803,新奥股份,,,2.7,4.36,,1365.82,-40.79,10派1.2,03-26
845,000655,金岭矿业,,,3.01,6.43,1.49,2482.65,6.11,,03-26
846,600518,康美药业,,,5.16,9.62,0.22,2915.69,18.75,10派2,03-26
847,600033,福建高速,,,3.43,9.97,0.5,22027.63,62.96,10派1.2,03-26
848,000681,视觉中国,,,1.68,4.85,-0.23,1617.09,-44.56,,03-26
849,000777,中核科技,,,1.71,3.52,-0.15,1036.44,-50.84,,03-26
850,600671,天目药业,,,1.97,1.5,0.09,336.82,35.54,10派0.1,03-26
851,600100,同方股份,,,4.64,10.99,0.35,29075.81,23.22,10派2,03-26
852,000020,深华发A,,,1.03,1.05,0.14,304.59,4.01,,03-26
853,600639,浦东金桥,,,2.35,6.12,-0.32,9743.06,38.69,10转1,03-26
854,600378,天科股份,,,2.74,5.81,0.09,2359.26,-2.1,10派0.7送0.5转2.5,03-26
855,600389,江山股份,,,2.88,9.02,0.48,3747.01,19.18,10派0.5转2,03-26
856,000776,广发证券,,,2.22,6.25,0.41,2592.79,-12.29,,03-26
857,000667,美好置业,,,1.98,0.56,-0.09,272.42,-7.97,,03-26
858,600528,中铁工业,,,4.16,11.57,0.12,16415.19,-7.25,10派3.8,03-26
859,601009,南京银行,,,,,,10824.81,14.42,,03-26
860,000851,高鸿股份,,,1.49,-16.63,-0.06,-6063.91,231.67,,03-26
861,600319,亚星化学,,,3.13,7.05,0.22,6109.07,-13.1,10派0.6,03-26
862,600105,永鼎股份,,,2.9,11.27,0.02,7641.85,23.4,10派1.37,03-26
863,600288,大恒科技,,,4.81,7.05,-0.09,4673.63,21.31,10派1转5,03-26
864,600747,*ST大控,,,3.88,8.79,0.76,10069.32,-24.9,10派0.5送2转3,03-26
865,000719,大地传媒,,,2.06,8.52,-0.16,2173.24,-9.51,,03-26
866,600257,大湖股份,,,5.74,4.6,-0.02,1895.96,-22.46,10派0.5,03-26
867,600318,新力金融,,,2.99,5.33,0.29,3125.98,-11.7,10派0.8,03-26
868,600358,国旅联合,,,2.96,3.16,0.13,1283.35,-32.25,,03-26
869,000981,银亿股份,,,4.14,3.61,-0.53,2593.25,-52.24,,03-26
870,600085,同仁堂,,,3.75,16.74,0.69,19950.65,36.04,10派2.5,03-26
871,600104,上汽集团,,,3.23,10.7,0.29,78722.24,6.06,10派1.5,03-26
872,600213,亚星客车,,,3.32,8.46,0.69,5326.49,-2.32,10派1.2,03-26
873,000678,襄阳轴承,,,2.85,-20.7,0.41,-9209.13,64.02,,03-26
874,000010,美丽生态,,,1.03,1.16,0.2,175.5,-91.2,,03-26
875,000779,三毛派神,,,4.03,2.55,-0.37,1893.14,-66.29,,03-26
876,000407,胜利股份,,,2.24,6.36,0.32,3461.17,-16.66,,03-26
877,000532,华金资本,,,1.86,6.08,-0.03,2391.62,-115.34,,03-26
878,600422,昆药集团,,,5.28,7.27,0.68,3832.16,8.93,10派2.7,03-26
879,600305,恒顺醋业,,,2.95,6.8,0.04,2462.23,39.88,10派1.8,03-26
880,600550,保变电气,,,3.81,5.63,0.28,4406.14,-10.23,10派0.5送2转3,03-25
881,000756,新华制药,,,2.93,7.44,-0.03,8089.61,17.04,,03-25
882,600153,建发股份,,,5.09,9.62,0.98,14496.96,40.36,10派0.5,03-25
883,000937,冀中能源,,,3.82,15.72,0.87,25313.73,33.78,,03-25
884,600073,上海梅林,,,2.44,4.45,-0.06,3442.79,-56.91,,03-23
885,600090,同济堂,,,1.49,14.42,-0.08,7596.13,-18.82,10派0.5,03-23
886,000792,盐湖股份,,,3.02,12.47,0.35,8101.86,17.76,,03-23
887,600774,汉商集团,,,4.73,0.68,-0.23,292.98,-89.23,10派0.125送0.5,03-23
888,600598,北大荒,,,1.47,20.54,0.18,36428.3,15.84,,03-23
889,000917,电广传媒,,,8.98,3.27,-0.64,7612.45,-47.47,,03-23
890,600640,号百控股,,,3.07,3.35,0.05,3804.33,-38.37,10派0.7,03-23
891,000676,智度股份,,,1.16,11.53,0.02,3579.94,20.98,,03-23
892,600850,华东电脑,,,1.34,6.44,0.38,1472.3,-16.15,,03-23
893,600819,耀皮玻璃,,,3.41,9.61,0.45,16238.19,5.02,10派2.2,03-23
894,000417,合肥百货,,,5.98,8.28,0.86,4840.44,-2.91,10派1转3,03-23
895,000422,湖北宜化,,,3.61,7.15,0.79,4050.82,2.7,10派1,03-23
896,600533,栖霞建设,,,,25.48,,4152.55,47.67,,03-23
897,600703,三安光电,,,1.32,10.0,-0.29,1312.44,-153.08,,03-23
898,000018,神州长城,,,1.82,0.27,0.04,84.14,-83.38,,03-23
899,000036,华联控股,,,2.74,13.56,1.16,12503.41,31.98,,03-23
900,600520,中发科技,,,3.53,42.22,0.1,2127.04,28.48,,03-23
901,001896,豫能控股,,,2.08,5.76,0.29,5474.01,-34.03,,03-23
902,600212,江泉实业,,,4.12,8.89,0.26,7579.06,-13.35,10派0.86转2.58493,03-23
903,600641,万业企业,,,3.14,20.18,-0.42,22564.91,-19.81,10派1.65,03-23
904,000587,金洲慈航,,,2.49,8.32,0.06,3588.0,-32.37,,03-22
905,600328,兰太实业,,,3.68,5.99,0.23,3966.87,5.25,10派0.7,03-22
906,600061,国投安信,,,1.67,5.75,-0.07,2712.13,-43.62,10派0.2转3,03-22
907,000663,永安林业,,,1.82,2.64,0.28,793.41,-36.23,,03-22
908,600113,浙江东日,,,3.0,0.69,0.02,243.05,-83.93,,03-22
909,000099,中信海直,,,4.42,7.17,0.32,6128.17,19.56,10派1送2,03-22
910,600868,梅雁吉祥,,,2.49,7.28,0.1,16861.55,-6.87,10派1送1,03-22
911,000791,甘肃电投,,,1.9,0.03,-0.21,10.86,-99.61,,03-22
912,000831,五矿稀土,,,2.41,11.95,0.58,9868.22,57.37,,03-22
913,600095,哈高科,,,2.28,-18.99,0.14,-4975.45,-343.02,,03-22
914,600066,宇通客车,,,6.24,11.56,0.72,9842.51,13.04,10派6,03-22
915,600807,天业股份,,,1.28,-50.21,-0.08,-9208.9,-58076.04,,03-22
916,600721,百花村,,,1.29,4.0,0.34,470.36,-105.39,,03-22
917,600099,林海股份,,,2.1,1.45,0.25,664.97,-12.66,,03-22
918,600209,罗顿发展,,,2.19,10.0,0.14,5581.74,-9.47,10派0.8,03-22
919,600282,南钢股份,,,3.17,12.9,0.46,20618.59,-1.33,10派2,03-22
920,000068,华控赛格,,,1.88,,0.5,9349.1,-36.15,10派0.3,03-22
921,000887,中鼎股份,,,2.55,4.61,0.37,3378.47,-19.77,,03-22
922,600681,百川能源,,,1.8,4.55,0.05,1665.27,-46.24,10派0.2,03-22
923,000997,新大陆,,,5.15,6.6,0.1,4034.42,1.22,,03-22
924,600794,保税科技,,,2.65,5.46,0.61,1475.35,-28.62,,03-22
925,600376,首开股份,,,6.0,7.74,-1.02,4770.98,-34.42,10派2送6,03-22
926,600666,奥瑞德,,,1.6,8.26,0.13,1945.04,-3.94,,03-22
927,000420,吉林化纤,,,2.84,-8.79,0.21,-9867.89,-304.27,,03-22
928,600062,华润双鹤,,,3.78,15.95,0.42,15771.04,22.34,10派1转3,03-22
929,600051,宁波联合,,,2.72,6.59,-0.26,5430.21,8.22,10派1,03-22
930,600103,青山纸业,,,2.21,7.16,0.18,11046.99,-34.17,10派0.6,03-22
931,000949,新乡化纤,,,2.04,3.5,0.01,3395.19,-65.55,,03-22
932,000968,蓝焰控股,,,2.88,4.83,0.08,5392.77,0.46,,03-22
933,600218,全柴动力,,,3.02,4.45,0.23,3121.91,-41.34,10派0.5,03-21
934,600321,国栋建设,,,5.99,27.0,0.01,6190.42,-2.55,10派2,03-21
935,600000,浦发银行,0.44,11.08,2.93,15.13,0.78,106187.8,10.85,10派2转5,03-21
936,600890,中房股份,,,1.52,5.26,0.15,3844.96,-41.9,10派0.3,03-21
937,600699,均胜电子,,,2.32,6.71,0.0,1910.02,-59.0,10派0.162送0.162,03-21
938,600791,京能置业,,,1.23,7.39,0.23,868.13,-118.52,,03-21
939,000783,长江证券,,,1.59,0.38,0.2,691.49,-103.33,,03-21
940,600221,海航控股,,,2.99,4.61,1.86,10030.27,-38.66,10派0.6,03-21
941,600196,复星医药,,,4.3,11.15,0.23,13551.76,5.45,10派1.5转3,03-21
942,000089,深圳机场,,,4.33,15.54,0.71,33575.82,6.09,10派3.2,03-21
943,600686,金龙汽车,,,2.05,14.04,0.72,4438.75,20.79,10派1.5,03-21
944,600037,歌华有线,,,6.04,9.81,0.64,14234.72,30.34,10派2.5,03-21
945,600828,茂业商业,,,2.58,4.71,0.24,2039.92,-15.44,10转2,03-21
946,600158,中体产业,,,3.06,1.84,0.29,1421.87,-76.19,10派0.1,03-21
947,000065,北方国际,,,3.26,5.23,-0.39,1723.71,13.52,10派0.6,03-21
948,600804,鹏博士,,,1.64,0.69,0.13,132.52,-104.21,,03-20
949,600310,桂东电力,,,3.73,10.41,0.82,5939.65,27.7,10派3,03-20
950,000979,中弘股份,,,5.05,4.98,0.06,1778.19,-17.37,,03-20
951,000537,广宇发展,,,2.06,8.06,0.29,6696.62,-47.8,,03-20
952,600055,万东医疗,,,3.1,9.45,0.11,3209.46,3.36,10派1,03-20
953,000862,银星能源,,,3.35,6.28,0.09,4587.72,-8.58,,03-20
954,600112,*ST天成,,,2.79,1.93,-0.0,917.41,-73.93,,03-20
955,600506,香梨股份,,,2.72,14.84,0.27,2971.6,8.67,10派0.6,03-20
956,600082,海泰发展,,,2.17,-23.77,0.11,-8324.99,-9.57,,03-20
957,600884,杉杉股份,,,4.65,9.13,0.72,8238.7,-31.31,10派2,03-20
958,600228,*ST昌九,,,1.59,5.66,0.05,2572.15,64.05,10派0.3,03-20
959,600071,凤凰光学,,,1.71,9.47,0.23,3647.64,-4.77,,03-20
960,000715,中兴商业,,,2.77,6.29,0.66,3673.58,5678.82,,03-20
961,600682,南京新百,,,3.58,7.48,0.2,6224.05,-13.35,10派1.5,03-20
962,600202,哈空调,,,1.58,18.71,0.29,6408.01,13.45,10派1送1,03-20
963,600081,东风科技,,,1.92,12.26,0.13,5044.82,-2.85,10派2.5,03-20
964,600116,三峡水利,,,2.93,4.03,0.38,2036.59,-46.25,10派0.3,03-20
965,600782,新钢股份,,,1.38,9.63,0.17,2644.09,-1.66,10派1.1,03-20
966,600888,新疆众和,,,2.28,13.53,1.63,3119.69,24.78,10派1,03-20
967,600215,长春经开,,,5.18,8.93,0.35,13863.21,-2.79,10派1,03-20
968,600731,湖南海利,,,1.85,5.11,0.01,2204.05,-38.95,10派0.2,03-20
969,600330,天通股份,,,2.4,13.58,0.4,6922.07,37.9,10派1,03-20
970,000988,华工科技,,,5.02,7.87,-0.34,4548.51,-9.39,,03-20
971,600287,江苏舜天,,,4.12,18.48,-0.26,12274.5,35.33,10派2.5送3,03-20
972,600787,中储股份,,,2.4,4.52,0.03,3363.37,-29.08,10派0.65,03-20
973,600126,杭钢股份,,,3.17,17.39,0.54,34248.13,-7.62,10派1.5,03-20
974,000698,沈阳化工,,,3.44,3.12,0.19,4520.28,-76.45,,03-20
975,600275,*ST昌鱼,,,3.02,6.65,0.77,4848.94,-29.07,10派0.6送2转1,03-20
976,000400,许继电气,,,3.83,11.85,0.27,17090.06,-15.04,10派2,03-20
977,600775,南京熊猫,,,1.43,21.13,-0.08,17941.94,35.08,,03-20
978,000923,河北宣工,,,2.46,3.66,0.3,1459.98,-42.32,,03-20
979,600386,北巴传媒,,,4.45,6.63,0.54,7076.2,-3.11,10派1.8,03-19
980,600255,梦舟股份,,,5.03,6.42,0.11,3001.38,7.72,10派1,03-19
981,600718,东软集团,,,4.24,11.37,0.26,13513.42,-17.04,10派2,03-19
982,600896,览海投资,,,2.5,6.02,0.23,4826.88,-28.44,10派1,03-19
983,600333,长春燃气,,,3.02,11.87,0.22,8368.94,92.11,10派1转7,03-19
984,600779,水井坊,,,2.73,19.87,0.26,17278.48,-3.45,10派0.5送1,03-19
985,600783,鲁信创投,,,1.51,0.43,0.04,131.3,-104.0,,03-19
986,600277,亿利洁能,,,4.41,4.68,-0.11,3256.13,-8.42,10派1,03-19
987,600190,锦州港,,,1.49,3.5,0.16,4817.32,228.28,,03-19
988,600742,一汽富维,,,4.95,13.82,0.8,14256.49,29.67,10派2.5,03-19
989,600400,红豆股份,,,3.23,10.0,0.38,5649.14,16.21,10派0.8,03-19
990,600139,西部资源,,,1.37,-52.13,0.26,-6346.65,-568.15,,03-19
991,600345,长江通信,,,5.4,24.86,-0.58,19952.96,115.07,10派1.5送2,03-19
992,600789,鲁抗医药,,,3.18,6.1,0.74,7046.02,17.91,10派0.8,03-19
993,000836,鑫茂科技,,,7.6,13.73,0.59,6035.12,21.26,,03-19
994,600566,济川药业,,,4.23,7.18,0.07,1770.19,21.69,10派1,03-19
995,600583,海油工程,,,2.57,27.0,1.09,10370.16,24.31,,03-19
996,000060,中金岭南,,,2.41,3.04,1.11,3101.41,-76.19,,03-19
997,000428,华天酒店,,,3.67,7.63,0.4,4940.93,36.14,10派4,03-19
998,000506,中润资源,,,1.22,9.2,0.1,2668.5,4.07,,03-19
999,600036,招商银行,0.34,,1.22,32.52,,143112.0,78.04,,03-19
1000,600280,中央商场,,,3.55,8.07,0.43,3438.67,29.29,10派1,03-19
1001,600886,国投电力,,,3.06,-4.5,-0.14,-3962.84,-768.98,,03-19
1002,600761,安徽合力,,,3.27,9.04,0.31,6144.57,5.35,10派2,03-18
1003,000662,天夏智慧,,,1.39,46.06,0.58,2454.19,-134.18,,03-18
1004,600315,上海家化,,,3.96,7.78,0.25,7297.58,27.44,10派1,03-18
1005,600801,华新水泥,,,2.2,3.13,0.36,2261.92,36.89,10派0.35,03-18
1006,600823,世茂股份,,,1.98,9.44,0.14,4305.12,-217.98,10派0.73,03-18
1007,000786,北新建材,,,4.22,7.24,0.28,8686.81,7.28,,03-18
1008,000863,三湘印象,,,2.09,11.97,-0.74,3189.23,-4.96,,03-16
1009,600192,长城电工,,,3.19,1.51,-0.04,1532.8,-68.56,,03-16
1010,600620,天宸股份,,,1.43,9.68,0.06,3413.21,7.83,10派0.3,03-16
1011,600252,中恒集团,,,3.08,7.73,-0.09,2907.16,4.35,10派0.5送1,03-16
1012,600733,S*ST前锋,,,1.33,1.83,0.07,474.9,-80.93,,03-16
1013,000611,天首发展,,,1.42,-18.05,0.44,-4942.26,-6005.81,,03-16
1014,000610,西安旅游,,,2.08,0.43,0.2,150.67,-90.92,10派0.4,03-16
1015,000630,铜陵有色,,,4.1,6.17,0.59,11635.45,-15.97,,03-16
1016,600064,南京高科,,,3.38,6.26,-0.19,7077.25,-37.15,,03-16
1017,600265,ST景谷,,,2.94,7.62,-0.59,2263.1,-11.19,,03-16
1018,000151,中成股份,,,2.67,11.0,-0.16,8898.75,41.01,10派2.2,03-16
1019,000651,格力电器,,,3.21,15.6,-0.06,27281.13,7.04,,03-16
1020,000659,*ST中富,,,3.22,7.08,0.2,8602.06,-3.76,10派1,03-16
1021,600148,长春一东,,,1.82,3.49,0.26,830.24,-27.83,10派0.37,03-16
1022,600007,中国国贸,,,2.68,8.35,0.41,17851.8,22.27,10派1.04,03-16
1023,600189,吉林森工,,,3.88,9.1,-0.05,11032.77,5.5,10派2,03-16
1024,000821,京山轻机,,,2.76,10.49,0.6,8870.68,-0.94,,03-16
1025,600231,凌钢股份,,,4.1,13.51,0.57,16363.03,15.99,10派1.5,03-16
1026,000969,安泰科技,,,4.33,6.38,0.12,6757.37,-5.33,,03-16
1027,000957,中通客车,,,1.87,7.8,0.06,3350.97,-28.27,,03-16
1028,000526,*ST紫学,,,1.99,10.2,0.17,1530.2,11.77,,03-16
1029,600636,*ST爱富,,,2.34,19.8,0.28,4888.0,17.03,10派1.75送1.7527,03-16
1030,600261,阳光照明,,,4.4,12.17,0.64,6415.33,37.62,10派1.25,03-16
1031,000863,三湘印象,,,2.09,11.97,-0.74,3189.23,-4.96,,03-16
1032,600240,华业资本,,,4.15,0.76,-1.0,548.44,-87.89,,03-15
1033,600298,安琪酵母,,,4.07,9.14,0.31,4941.36,18.94,10派1,03-15
1034,000425,徐工机械,,,1.97,13.47,0.07,8564.75,13.95,10派0.5,03-15
1035,000961,中南建设,,,3.34,6.71,0.3,5253.3,-29.0,,03-15
1036,000002,万科A,,,4.95,12.21,-1.91,37374.72,24.07,10派2,03-15
1037,000825,太钢不锈,,,2.92,,0.42,29682.92,1.84,,03-15
1038,600107,美尔雅,,,2.38,4.35,0.19,763.32,-88.71,,03-15
1039,600857,宁波中百,,,1.68,7.52,0.28,2343.4,-28.9,10派0.5,03-15
1040,600634,富控互动,,,2.42,14.07,-2.24,2793.59,567.43,10派0.2,03-15
1041,000830,鲁西化工,,,3.65,6.42,0.59,5955.59,7.25,,03-15
1042,600258,首旅酒店,0.33,,3.02,10.96,0.37,7732.85,39.93,10派2,03-15
1043,600419,天润乳业,,,3.51,7.16,0.25,1356.98,6.3,10派0.5,03-15
1044,000686,东北证券,,,3.42,2.42,0.23,1193.96,-51.06,10派0.5转1,03-15
1045,000801,四川九洲,,,1.01,-23.67,0.01,-3410.99,-416.03,,03-15
1046,000938,紫光股份,,,2.89,-3.91,0.98,-2362.17,-128.35,,03-15
1047,000534,万泽股份,,,2.64,1.42,0.07,775.94,-48.07,,03-15
1048,600765,中航重机,,,1.38,0.76,0.13,114.6,180.53,,03-15
1049,000970,中科三环,,,2.37,8.46,0.08,3045.47,11.45,,03-15
1050,600098,广州发展,,,3.83,20.03,1.34,94283.11,6.83,10派3,03-15
1051,000564,供销大集,,,2.76,6.09,0.7,3416.07,-0.13,,03-15
1052,000868,安凯客车,,,2.98,1.57,0.53,1024.2,-15.52,,03-15
1053,600097,开创国际,,,1.1,10.29,0.52,1222.52,-119.65,,03-15
1054,000705,浙江震元,,,3.3,4.18,0.21,1714.13,-18.12,10派0.5,03-15
1055,600356,恒丰纸业,,,3.48,9.62,0.03,4569.48,16.09,10派0.5,03-15
1056,000600,建投能源,,,1.98,0.66,0.77,201.57,-46.06,10派0.2,03-15
1057,000839,中信国安,,,2.74,13.64,0.52,21284.11,-19.92,,03-14
1058,600739,辽宁成大,,,3.24,15.06,-0.23,11390.36,-34.5,10派0.5,03-14
1059,000669,金鸿控股,,,1.22,8.47,0.01,620.03,-26.85,10派0.4,03-14
1060,600619,海立股份,,,2.62,13.16,1.23,12806.51,91.3,10派0.9,03-14
1061,600076,康欣新材,,,2.93,7.48,0.16,4846.82,-18.59,10派0.53,03-14
1062,600741,华域汽车,,,2.76,12.34,1.02,17200.66,6.13,10派1送0.5转3.5,03-14
1063,000767,漳泽电力,,,3.48,9.98,1.18,14811.58,2.12,10派2,03-14
1064,000665,湖北广电,,,3.17,7.29,0.32,3143.6,12.08,10派0.69,03-14
1065,600170,上海建工,,,4.53,8.08,1.51,18520.2,-18.15,10派1送2,03-14
1066,600223,鲁商置业,,,3.22,8.43,0.62,13972.71,-4.95,,03-13
1067,600705,中航资本,,,2.61,9.1,0.08,7539.04,-25.23,10派0.35,03-13
1068,000796,凯撒旅游,,,4.13,,0.42,3236.79,-29.8,,03-13
1069,000596,古井贡酒,,,4.84,5.8,0.25,6704.67,-54.44,10派2,03-13
1070,000622,恒立实业,,,1.45,3.82,0.01,784.18,-47.15,,03-13
1071,600011,华能国际,,,4.52,14.8,1.19,363606.42,37.51,10派3,03-13
1072,600096,云天化,,,3.23,13.63,0.86,15454.79,-6.28,,03-12
1073,000063,中兴通讯,,,6.95,17.17,0.59,57026.89,61.02,10派1.5,03-12
1074,600825,新华传媒,,,1.58,22.42,-0.4,5007.0,75.17,10派0.3,03-12
1075,600203,福日电子,,,2.31,5.38,0.27,3161.82,-46.52,10派0.5,03-12
1076,000423,东阿阿胶,,,2.81,14.03,0.17,10966.83,29.87,10派2,03-12
1077,000978,桂林旅游,,,2.04,11.66,0.37,4375.0,20.44,,03-12
1078,600396,金山股份,,,3.11,6.09,0.0,2068.03,27.3,,03-12
1079,000617,中油资本,,,1.66,12.39,-0.03,2012.12,286.63,,03-12
1080,000625,长安汽车,,,2.1,6.3,0.8,16021.55,8.51,10派0.4,03-12
1081,600687,刚泰控股,,,1.85,10.72,0.59,2066.0,-18.57,,03-12
1082,000402,金融街,,,2.75,54.48,-4.12,15104.8,276.32,10派0.5,03-12
1083,000755,*ST三维,,,3.06,6.54,0.68,5604.36,8.94,,03-12
1084,600710,ST常林,,,2.75,2.26,0.3,1030.23,4.78,10派0.35,03-12
1085,000629,*ST钒钛,,,4.31,11.01,1.33,48131.82,4.4,,03-12
1086,600276,恒瑞医药,,,3.5,11.45,0.05,8115.51,24.33,10派0.5送2,03-12
1087,600132,重庆啤酒,,,3.37,5.68,0.58,3428.72,-23.46,10派2.6,03-12
1088,000919,金陵药业,,,3.84,9.96,0.33,10868.52,-8.56,,03-12
1089,600138,中青旅,,,4.06,9.67,0.25,10302.42,-14.32,10派1.5,03-12
1090,600195,中牧股份,,,2.13,10.21,0.58,8914.16,-1.39,10派0.92,03-12
1091,000042,中洲控股,,,5.36,8.63,-0.23,10865.32,-2.8,10派1.3,03-12
1092,600714,金瑞矿业,,,2.02,10.91,-0.02,2249.08,8.03,,03-12
1093,600746,江苏索普,,,1.2,6.74,0.33,2401.93,-35.77,,03-12
1094,000912,泸天化,,,3.34,7.03,0.7,10393.06,-16.52,,03-12
1095,600311,荣华实业,,,4.78,11.17,0.64,6477.71,47.08,10派1,03-12
1096,000799,酒鬼酒,,,4.23,7.46,0.65,10187.47,18.24,,03-12
1097,000878,云南铜业,,,2.23,4.78,1.01,8325.01,-46.71,,03-12
1098,600119,长江投资,,,2.28,6.25,-0.13,2276.22,5.67,10送1转2,03-12
1099,600096,云天化,,,3.23,13.63,0.86,15454.79,-6.28,,03-12
1100,000063,中兴通讯,,,6.95,17.17,0.59,57026.89,61.02,10派1.5,03-12
1101,600773,西藏城投,,,2.89,7.59,-0.62,2483.65,2.71,10转1,03-11
1102,600895,张江高科,,,4.49,11.66,-0.51,20244.19,58.28,10送3转7,03-11
1103,600106,重庆路桥,,,2.87,7.94,0.26,7007.69,-9.95,10派1,03-11
1104,600278,东方创业,,,2.97,10.03,0.44,9524.5,-3.06,10派1.5,03-09
1105,000983,西山煤电,,,3.67,9.86,0.35,24793.3,28.01,,03-09
1106,600191,华资实业,,,3.46,6.98,0.37,7115.39,-1.98,,03-09
1107,600210,紫江企业,,,2.69,16.71,0.48,19785.6,30.53,10派3,03-09
1108,000990,诚志股份,,,3.71,6.86,0.1,4505.02,11.4,,03-09
1109,600197,伊力特,,,3.35,10.55,0.09,7676.97,3.02,10派1,03-09
1110,600644,乐山电力,,,1.89,6.11,0.29,2802.57,-24.52,10派0.5,03-09
1111,600638,新黄浦,,,3.71,3.2,-0.48,5510.08,-55.19,10派0.8,03-09
1112,600655,豫园股份,,,3.65,5.85,0.56,9940.31,-4.81,10派0.8,03-09
1113,600160,巨化股份,,,3.56,9.5,0.69,10520.94,-3.98,10派1,03-09
1114,000609,绵石投资,,,2.97,6.26,0.01,2340.2,-35.3,10派0.2,03-09
1115,600300,维维股份,,,3.87,8.89,0.3,11609.7,-2.1,10派2.6,03-09
1116,000690,宝新能源,,,1.66,9.33,0.11,3210.32,-27.67,,03-09
1117,600684,珠江实业,,,3.14,2.33,0.24,1352.26,-113.25,,03-09
1118,600260,凯乐科技,,,4.66,11.33,0.24,9050.64,33.44,10派2,03-09
1119,600019,宝钢股份,,,2.1,9.64,0.72,256121.17,-14.4,10派1.25,03-09
1120,600101,明星电力,,,5.84,10.72,0.58,7832.19,-4.09,10派2,03-09
1121,000948,南天信息,,,3.41,8.62,1.12,3944.68,-10.32,,03-09
1122,600217,中再资环,,,1.67,8.79,0.0,5968.85,-3.64,10派0.6375,03-08
1123,600796,钱江生化,,,2.35,10.71,0.29,2631.63,-32.75,10派1.82,03-08
1124,600366,宁波韵升,,,2.95,11.83,0.18,6479.29,79.74,10派1.5转5,03-08
1125,600111,北方稀土,,,2.53,7.9,0.01,8056.87,-17.86,10派1,03-08
1126,000623,吉林敖东,,,4.9,6.66,0.59,7616.85,-7.8,,03-08
1127,600606,绿地控股,,,1.73,29.55,-0.7,7561.59,71.28,10送1.48475,03-08
1128,000768,中航飞机,,,4.83,2.38,0.15,4570.81,-33.52,,03-08
1129,600200,江苏吴中,,,2.71,16.42,-0.13,8319.56,73.46,10派0.6,03-08
1130,600207,安彩高科,,,4.89,6.79,1.42,14696.95,-72.17,10派2,03-08
1131,000905,厦门港务,,,3.42,3.83,0.12,3788.77,20.7,,03-08
1132,600125,铁龙物流,,,2.88,11.9,0.81,6175.58,-22.91,,03-08
1133,600706,曲江文旅,,,1.59,15.46,0.19,1990.87,81.95,,03-08
1134,000591,太阳能,,,2.68,12.22,0.31,3077.44,16.83,10送1,03-07
1135,600171,上海贝岭,,,2.94,11.74,0.3,14904.37,-13.43,10派1.5转3,03-07
1136,000780,*ST平能,,,3.47,8.18,0.79,7940.5,18.75,,03-07
1137,600642,申能股份,,,3.09,21.96,0.68,115548.52,-24.13,10派3.5,03-07
1138,600006,东风汽车,,,2.96,18.44,0.05,53737.02,43.74,10派2,03-07
1139,600897,厦门空港,,,4.24,4.44,0.29,5148.96,0.11,10派1.5,03-07
1140,600163,中闽能源,,,3.69,7.47,0.94,8271.54,19.61,,03-07
1141,600665,天地源,,,1.72,1.1,0.48,1368.5,6.78,10派0.25,03-07
1142,000612,焦作万方,,,2.21,8.16,0.46,4660.76,-7.02,,03-07
1143,000430,张家界,,,1.14,18.4,0.83,1738.9,-116.99,,03-06
1144,600716,凤凰股份,,,1.59,6.17,0.25,3247.07,0.04,10派0.8,03-06
1145,600726,华电能源,,,2.58,9.77,0.53,28164.41,25.34,10派1.2,03-06
1146,600201,生物股份,,,4.73,2.76,-0.32,1423.2,-45.05,10派1.3,03-06
1147,600800,天津磁卡,,,1.88,8.54,0.39,8435.83,-23.92,,03-06
1148,000807,云铝股份,,,2.44,18.99,1.19,15011.18,53.85,,03-06
1149,000906,浙商中拓,,,2.93,5.3,0.34,1904.7,-46.79,,03-06
1150,000835,长城动漫,,,2.87,12.44,0.86,1903.88,22.51,,03-06
1151,600291,西水股份,,,3.41,4.72,0.09,2557.83,-21.4,10派0.35,03-06
1152,000703,恒逸石化,,,2.52,6.67,0.17,1724.37,-27.56,,03-06
1153,000778,新兴铸管,,,4.21,21.27,1.65,38282.81,35.8,,03-06
1154,600067,冠城大通,,,2.89,10.69,0.01,3235.85,39.38,10派1.5,03-06
1155,000852,石化机械,,,2.16,13.27,0.4,8222.22,10.35,,03-05
1156,600668,尖峰集团,,,1.69,8.52,0.3,4390.49,12.98,10派1,03-05
1157,600110,诺德股份,,,2.98,12.1,0.08,5098.34,10.09,10派0.5送2转6,03-05
1158,000958,东方能源,,,3.27,14.1,0.61,7996.86,52.7,,03-05
1159,600399,抚顺特钢,,,2.7,7.33,0.5,10047.91,-6.3,10派0.3,03-05
1160,600177,雅戈尔,,,3.29,19.12,0.58,34717.19,19.45,10派2,03-05
1161,600317,营口港,,,1.67,18.6,0.14,4593.63,3.88,,03-05
1162,600734,实达集团,,,1.65,9.34,-0.09,5129.89,-120.35,,03-05
1163,600130,波导股份,,,5.2,8.37,2.23,6813.46,54.81,10派2,03-05
1164,000155,*ST川化,,,2.94,3.95,0.62,5500.24,-43.51,10派0.78,03-05
1165,600038,中直股份,,,4.56,8.29,-0.07,5451.82,34.32,10派1送2转4,03-04
1166,000975,银泰资源,,,2.35,3.92,0.11,2790.98,-25.32,,03-04
1167,000631,顺发恒业,,,2.97,6.55,0.1,4522.94,-12.3,,03-02
1168,000032,深桑达A,,,2.03,13.97,1.02,3637.6,14.55,10派1,03-02
1169,000709,河钢股份,,,4.18,13.05,0.85,73281.24,23.67,,03-02
1170,600824,益民集团,,,3.4,7.84,0.02,4889.99,11.09,10派1.5,03-02
1171,600753,东方银星,,,0.82,6.14,-0.06,539.08,-112.34,,03-02
1172,000401,冀东水泥,,,1.76,7.25,0.48,11494.0,23.39,10派1,03-02
1173,600290,华仪电气,,,2.61,5.86,-0.19,1258.01,-19.71,10派0.8转5,03-01
1174,600222,太龙药业,,,3.06,6.94,0.4,2908.56,-32.16,10派1.5,03-01
1175,600008,首创股份,,,3.58,11.77,0.45,48201.58,11.26,10派3.6,03-01
1176,600120,浙江东方,,,3.08,15.57,0.14,10317.26,16.64,10派1送2转2,03-01
1177,000088,盐田港,,,2.56,23.52,0.35,37627.74,300.56,10派5,03-01
1178,000930,中粮生化,,,7.74,8.58,0.52,10997.76,27.84,,03-01
1179,000538,云南白药,,,2.25,18.07,0.43,7513.7,52.64,10派2,03-01
1180,600084,中葡股份,,,2.88,11.14,0.23,7356.57,-16.51,10派0.6,03-01
1181,600874,创业环保,,,1.18,17.99,0.14,26763.4,58.74,10派0.8,03-01
1182,600267,海正药业,,,3.06,6.4,0.28,4854.26,-12.98,10派1,03-01
1183,600837,海通证券,,,3.6,11.85,0.18,2654.0,-138.52,10派0.3送2,02-28
1184,600879,航天电子,,,3.18,16.58,0.3,11038.41,71.86,10派1,02-28
1185,600297,广汇汽车,,,4.6,8.0,0.07,4221.54,45.95,10派1.5,02-28
1186,600711,盛屯矿业,,,1.29,22.96,0.36,1660.05,2721.64,10派0.5,02-28
1187,000693,*ST华泽,,,3.03,10.22,0.16,3775.26,19.1,,02-28
1188,600141,兴发集团,,,2.52,8.34,0.5,3354.36,25.97,10派1,02-28
1189,600777,新潮能源,,,3.46,10.04,0.44,7192.72,11.42,10派2,02-28
1190,600232,金鹰股份,,,2.01,12.66,0.18,5501.4,13.16,10派1,02-28
1191,600697,欧亚集团,,,3.44,9.28,0.63,3965.95,-10.17,10派2,02-28
1192,000926,福星股份,,,2.43,13.08,-0.13,8357.67,0.7,,02-28
1193,000421,南京公用,,,2.09,6.36,0.19,2661.3,0.58,10派1,02-28
1194,000976,春晖股份,,,2.59,4.71,0.37,5770.06,-24.48,,02-28
1195,000685,中山公用,,,2.23,6.43,0.07,1921.0,-6.36,10派0.3送0.5转6,02-28
1196,000850,华茂股份,,,3.41,13.6,0.44,9540.94,-9.35,,02-28
1197,000731,四川美丰,,,2.83,9.07,0.53,5896.21,-3.5,,02-28
1198,600306,商业城,,,2.3,7.81,0.25,3035.26,14.65,10派0.5,02-28
1199,600724,宁波富达,,,1.46,13.72,0.04,7108.09,64.21,,02-28
1200,600248,延长化建,,,3.95,5.35,0.08,2722.2,-12.61,10派1,02-28
1201,000858,五粮液,,,5.4,19.52,1.23,81140.78,5.64,,02-28
1202,600750,江中药业,,,3.58,7.87,0.28,4024.38,45.73,10派1,02-28
1203,000677,恒天海龙,,,1.92,10.65,0.3,3213.87,-15.54,10送1,02-28
1204,600880,博瑞传播,,,1.72,13.34,0.85,2959.87,8.21,10派1,02-28
1205,000757,浩物股份,,,3.18,3.37,-0.09,1600.55,-44.19,,02-28
1206,600211,西藏药业,,,3.3,4.56,0.13,1829.88,-48.77,10派0.5,02-28
1207,600309,万华化学,,,2.72,15.46,0.35,10072.84,102.25,10派2送1转5,02-27
1208,600633,浙数文化,,,1.2,9.72,0.07,1775.85,-110.02,10派0.1,02-27
1209,000982,*ST中绒,,,4.79,6.5,-1.52,2297.24,-10.31,,02-27
1210,600178,东安动力,,,3.29,7.39,0.26,9098.06,-34.99,10派2,02-27
1211,600307,酒钢宏兴,,,2.86,12.98,0.77,26726.33,53.67,10派1.7,02-27
1212,000551,创元科技,,,2.06,10.22,0.14,5281.57,17.53,10派1.5,02-27
1213,600508,上海能源,,,3.58,18.86,1.06,16545.45,60.42,10派3,02-27
1214,000848,承德露露,,,2.56,12.46,0.54,9782.7,83.19,,02-27
1215,600674,川投能源,,,1.5,12.33,0.58,6841.46,-44.45,10派0.2,02-27
1216,600373,中文传媒,,,1.63,,0.2,1068.36,-8.68,10派0.2,02-27
1217,000568,泸州老窖,,,2.59,6.37,0.36,8509.66,-48.99,,02-27
1218,600187,国中水务,,,2.32,9.15,-0.46,6512.41,-5.26,10派1,02-27
1219,600083,博信股份,,,0.01,-30.2,0.21,813.79,-111.53,,02-27
1220,000785,武汉中商,,,2.14,5.2,0.63,2724.63,-54.34,,02-27
1221,600367,红星发展,,,5.65,16.63,0.44,8023.85,57.01,10派2送1转2,02-26
1222,600168,武汉控股,,,2.97,9.84,0.38,13274.69,-10.12,10派2.5,02-26
1223,000933,神火股份,,,3.36,12.26,0.71,9898.69,3.49,,02-26
1224,000019,深深宝A,,,1.8,3.5,-0.07,1138.19,7.17,10派0.5,02-26
1225,000989,九芝堂,,,3.9,10.37,0.63,5237.04,14.55,,02-26
1226,600220,江苏阳光,,,4.15,10.23,0.42,12623.36,5.46,10派0.5,02-26
1227,000815,美利云,,,4.41,7.24,0.5,4154.27,-2.52,,02-26
1228,000859,国风塑业,,,3.17,7.03,0.54,5280.11,6.66,,02-26
1229,600661,新南洋,,,2.02,10.48,0.27,3129.04,3.69,10派1.5,02-26
1230,000936,华西股份,,,3.17,12.83,0.33,6620.3,15.47,,02-26
1231,000962,东方钽业,,,2.95,18.41,-0.28,17839.76,17.41,,02-26
1232,600729,重庆百货,,,2.08,14.58,0.37,5824.42,-17.82,10派1.3,02-26
1233,600145,*ST新亿,,,1.67,17.55,0.26,7860.11,117.79,10派0.5送2转2,02-26
1234,000717,韶钢松山,,,5.32,10.76,0.29,25868.34,14.82,10派4,02-26
1235,600488,天药股份,,,4.76,14.69,0.48,7536.22,14.91,10派2送1转2,02-26
1236,600206,有研新材,,,4.77,0.54,-0.13,373.4,-91.64,,02-26
1237,000985,大庆华科,,,3.36,5.72,-0.2,2215.73,-40.45,,02-26
1238,000952,广济药业,,,2.84,5.09,-0.13,2458.73,-19.69,,02-25
1239,600368,五洲交通,,,2.35,13.09,0.31,13123.83,58.19,10派0.9,02-21
1240,600180,瑞茂通,,,3.2,9.9,0.31,7560.42,16.69,,02-09
1241,600117,西宁特钢,,,2.41,6.64,0.3,9004.27,12.66,,02-09
1242,000727,华东科技,,,2.65,6.44,-0.09,5383.88,-48.09,10派1,02-09
1243,600320,振华重工,,,3.95,10.61,-0.44,19153.22,54.16,10派2,02-09
1244,600166,福田汽车,,,3.58,10.57,0.3,10284.04,13.31,10派1,02-09
1245,600680,*ST上普,,,1.9,10.75,0.16,6143.77,122.01,10派0.7,02-09
1246,600833,第一医药,,,1.04,15.79,0.36,2423.41,-117.75,,02-09
1247,000806,银河生物,,,2.1,22.53,0.3,9248.35,5.6,10派0.4,02-09
1248,000563,陕国投A,0.12,,1.63,7.31,0.34,3720.07,-24.02,10派0.5,02-09
1249,000606,神州易桥,,,1.81,5.38,0.46,1436.7,-20.16,,02-08
1250,000038,深大通,,,1.17,6.31,0.14,649.79,56.97,,02-08
1251,000810,创维数字,,,1.76,7.02,-0.02,1156.88,-73.23,,02-08
1252,000895,双汇发展,,,2.74,22.45,0.72,17050.18,10.22,,02-08
1253,600155,宝硕股份,,,1.91,9.07,0.36,7206.97,-13.05,10派1,02-08
1254,600855,航天长峰,,,1.24,10.52,0.13,1989.89,-414.11,,02-08
1255,600662,强生控股,,,3.03,11.86,0.89,10353.36,12.16,,02-08
1256,600080,金花股份,,,3.57,5.65,0.35,4659.44,-42.13,10派0.2,02-08
1257,600509,天富能源,,,1.9,21.5,0.75,4386.62,16.43,10派1,02-08
1258,000759,中百集团,,,2.95,4.61,0.02,2409.35,-69.45,10派0.8,02-08
1259,600256,广汇能源,,,1.42,40.81,0.34,30412.16,105.62,,02-08
1260,000759,中百集团,,,2.95,4.61,0.02,2409.35,-69.45,10派0.8,02-08
1261,600256,广汇能源,,,1.42,40.81,0.34,30412.16,105.62,,02-08
1262,600780,通宝能源,,,2.44,11.21,0.66,5880.45,11.23,10派1.25,02-08
1263,000729,燕京啤酒,,,5.38,7.98,0.2,28569.35,6.49,10派2,02-08
1264,600268,国电南自,,,3.89,6.16,-0.19,2846.35,-39.9,10派1.2,02-08
1265,600660,福耀玻璃,,,1.37,28.4,0.5,15215.35,1.41,10派1.35送1.1,02-08
1266,600157,永泰能源,,,1.7,6.45,0.66,1865.14,-43.09,,02-07
1267,000014,沙河股份,,,2.14,22.12,0.78,3176.0,-195.02,,02-07
1268,600302,标准股份,,,2.04,10.81,0.25,7037.32,15.88,10派0.25,02-07
1269,000920,南方汇通,,,3.18,14.69,0.35,9253.59,24.84,,02-07
1270,600237,铜峰电子,,,4.54,9.07,0.57,4025.72,47.65,10派1,02-07
1271,600898,国美通讯,,,-6.36,,0.11,-3426.57,-27.17,,02-07
1272,000157,中联重科,,,2.92,12.27,0.12,10523.34,100.22,10派1,02-07
1273,600152,维科精华,,,2.01,8.03,0.37,4764.36,-4.26,10派1,02-07
1274,600299,安迪苏,,,3.16,6.42,0.99,4870.59,-20.95,10派1,02-07
1275,000711,京蓝科技,,,2.68,8.83,0.76,2459.63,-29.52,10派0.3,02-07
1276,000504,南华生物,,,1.03,1.6,0.11,509.33,-81.98,,02-06
1277,600161,天坛生物,,,1.51,11.68,0.24,3434.57,-9.43,10派1,02-06
1278,000429,粤高速A,,,2.65,4.71,0.38,15893.0,19.47,10派1,02-06
1279,600070,浙江富润,,,3.02,7.47,-0.14,1778.91,-31.97,10派1.6,02-06
1280,000416,民生控股,,,1.96,16.57,1.03,3585.28,-249.77,10派1转7,02-06
1281,600720,祁连山,,,1.58,9.44,0.18,5206.45,-5.15,10派0.5,02-06
1282,600063,皖维高新,,,2.43,11.83,0.53,7715.4,42.63,10派3,02-06
1283,600725,ST云维,,,3.35,12.48,0.39,4567.01,116.28,10派2,02-06
1284,000750,国海证券,,,2.79,0.52,0.63,308.61,-83.61,,02-05
1285,600889,南京化纤,,,2.87,6.66,0.38,3020.33,-24.04,10派0.3,02-05
1286,600326,西藏天路,,,3.74,6.82,0.38,2374.05,123.78,10派1转8,02-05
1287,000932,*ST华菱,,,2.27,13.62,0.86,47356.75,30.02,,02-05
1288,600227,赤天化,,,4.24,5.22,0.9,3751.57,-42.4,10派1,02-05
1289,600730,中国高科,,,2.12,13.03,0.58,4528.95,54.07,,02-05
1290,000639,西王食品,,,1.13,9.54,0.23,756.88,48.03,,02-05
1291,000607,华媒控股,,,1.56,21.94,0.75,6114.86,4.01,10派1,02-04
1292,600360,华微电子,,,4.83,5.63,0.1,2593.26,22.14,10派1,02-04
1293,600831,广电网络,,,1.06,8.46,0.03,993.41,-140.38,,02-02
1294,600247,ST成城,,,3.15,6.81,-0.12,2268.27,29.66,10派0.5,02-02
1295,000811,烟台冰轮,,,2.22,12.98,0.45,3772.63,35.56,,02-02
1296,600585,海螺水泥,,,2.25,9.5,0.74,20272.6,78.19,,02-02
1297,600834,申通地铁,,,1.4,11.68,0.38,6551.85,20.81,10派1,02-02
1298,600881,亚泰集团,,,3.65,6.57,-0.25,11189.21,-35.82,10派0.5,02-02
1299,600764,中电广通,,,2.3,7.62,0.25,3180.68,-41.12,10派0.75,02-01
1300,600078,澄星股份,,,3.52,9.28,0.34,5940.79,64.79,10派0.5,01-31
1301,000301,东方市场,,,2.75,8.35,0.54,10534.02,-2.63,10派0.7,01-30
1302,000619,海螺型材,,,2.58,57.94,1.49,18843.66,92.96,10派2,01-30
1303,600398,海澜之家,,,3.64,12.23,0.23,6876.39,103.9,10派0.15送0.5转2.5,01-30
1304,000903,云内动力,,,3.46,12.44,0.82,8052.64,0.72,,01-29
1305,000888,峨眉山A,,,3.32,8.18,0.64,3278.49,0.44,,01-29
1306,600748,上实发展,,,1.79,0.76,0.16,792.9,-46.08,,01-29
1307,600226,瀚叶股份,,,1.87,15.38,0.23,6967.72,14.39,,01-29
1308,000812,陕西金叶,,,2.39,6.77,0.43,2412.34,-39.77,,01-26
1309,600079,人福医药,,,2.3,9.81,0.13,2891.12,-20.52,10派1,01-26
1310,000973,佛塑科技,,,3.18,8.74,0.58,9961.48,31.72,,01-25
1311,600795,国电电力,,,5.19,12.91,1.27,55234.46,95.97,10派2.5,01-25
1312,000518,四环生物,,,5.48,25.32,0.16,7637.96,44.07,10派0.256送0.3转5.7,01-22
1313,000700,模塑科技,,,3.42,14.13,1.25,5977.65,14.28,10派1.2,01-19
1314,600269,赣粤高速,,,7.46,6.86,0.85,17922.34,1.79,10派2,01-15
1315,601398,工商银行,,,,,,612500.0,18.91,,12-31
1316,601988,中国银行,,,,,,790800.0,72.66,,12-31
